current_ordinal	current_operation	current_process_outcome	current_provider_status	current_result_variant	normalized_leaf_id	request_artifact_expectation	session_field_state	url_observation_kind	url_session_relation	answer_field_state	raw_artifact_field_state	artifact_claim_result	send_predecessor_kind	prior_receipt_ids	prior_event_ids	provider_reason	provider_exit	payload_leaf	lifecycle_result_kind	lifecycle_reason	ok	lifecycle_status	lifecycle_exit	retryable	retry_owner	retry_delay_ms	retry_budget	receipt_count	receipt_sequence	persistence_event_sequence	side_effect	fixture_id	command_id	cwd	expected_provider_rc	expected_lifecycle_rc	state_oracle	receipt_oracle_sequence	side_effect_oracle
1	capture.root	exit_0	capture_failed	capture_failed	N001.base	none	absent	diagnostic_url	unvalidated	absent	artifacts_absent	none	none	none	none	none	0	payload.N001.base	terminal.capture_failure	none	false	capture_failed	0	false	none	0	0	1	receipt.capture.root	none	capture.evidence.persist	legal.N001.base	cmd.N001.base	stacks/gpt-webai-slot-pool	0	0	state.unchanged	oracle.receipt.capture.root.valid	capture.evidence.digest.valid
2	capture.root	exit_0	captured	captured	N002.base	none	absent	diagnostic_url	unvalidated	absent	artifacts_absent	none	none	none	none	none	0	payload.N002.base	terminal.capture_success	none	true	captured	0	false	none	0	0	1	receipt.capture.root	none	capture.evidence.persist	legal.N002.base	cmd.N002.base	stacks/gpt-webai-slot-pool	0	0	state.unchanged	oracle.receipt.capture.root.valid	capture.evidence.digest.valid
3	capture.root	invocation_error	not_applicable	invocation_contract_invalid_artifact	N003.base	none	request_forbidden_provider_payload_absent	none	none	none	none	none	none	none	none	provider.contract.invalid_artifact	none	payload.N003.base	terminal.invocation_failure	provider.contract.invalid_artifact	false	failed	70	false	none	0	0	1	receipt.failure.invocation	none	diagnostic.persist	legal.N003.base	cmd.N003.base	stacks/gpt-webai-slot-pool	none	70	state.unchanged	oracle.receipt.failure.invocation.valid	diagnostic.digest.valid
4	capture.root	invocation_error	not_applicable	invocation_contract_invalid_field	N004.base	none	request_forbidden_provider_payload_absent	none	none	none	none	none	none	none	none	provider.contract.invalid_field	none	payload.N004.base	terminal.invocation_failure	provider.contract.invalid_field	false	failed	70	false	none	0	0	1	receipt.failure.invocation	none	diagnostic.persist	legal.N004.base	cmd.N004.base	stacks/gpt-webai-slot-pool	none	70	state.unchanged	oracle.receipt.failure.invocation.valid	diagnostic.digest.valid
5	capture.root	invocation_error	not_applicable	invocation_contract_not_object	N005.base	none	request_forbidden_provider_payload_absent	none	none	none	none	none	none	none	none	provider.contract.not_object	none	payload.N005.base	terminal.invocation_failure	provider.contract.not_object	false	failed	70	false	none	0	0	1	receipt.failure.invocation	none	diagnostic.persist	legal.N005.base	cmd.N005.base	stacks/gpt-webai-slot-pool	none	70	state.unchanged	oracle.receipt.failure.invocation.valid	diagnostic.digest.valid
6	capture.root	invocation_error	not_applicable	invocation_contract_unknown_status	N006.base	none	request_forbidden_provider_payload_absent	none	none	none	none	none	none	none	none	provider.contract.unknown_status	none	payload.N006.base	terminal.invocation_failure	provider.contract.unknown_status	false	failed	70	false	none	0	0	1	receipt.failure.invocation	none	diagnostic.persist	legal.N006.base	cmd.N006.base	stacks/gpt-webai-slot-pool	none	70	state.unchanged	oracle.receipt.failure.invocation.valid	diagnostic.digest.valid
7	capture.root	invocation_error	not_applicable	invocation_invalid_json	N007.base	none	request_forbidden_provider_payload_absent	none	none	none	none	none	none	none	none	provider.invalid_json	none	payload.N007.base	terminal.invocation_failure	provider.invalid_json	false	failed	70	false	none	0	0	1	receipt.failure.invocation	none	diagnostic.persist	legal.N007.base	cmd.N007.base	stacks/gpt-webai-slot-pool	none	70	state.unchanged	oracle.receipt.failure.invocation.valid	diagnostic.digest.valid
8	capture.root	invocation_error	not_applicable	invocation_io_error	N008.base	none	request_forbidden_provider_payload_absent	none	none	none	none	none	none	none	none	provider.io_error	none	payload.N008.base	terminal.invocation_failure	provider.io_error	false	failed	70	false	none	0	0	1	receipt.failure.invocation	none	diagnostic.persist	legal.N008.base	cmd.N008.base	stacks/gpt-webai-slot-pool	none	70	state.unchanged	oracle.receipt.failure.invocation.valid	diagnostic.digest.valid
9	capture.root	invocation_error	not_applicable	invocation_stderr_too_large	N009.base	none	request_forbidden_provider_payload_absent	none	none	none	none	none	none	none	none	provider.stderr_too_large	none	payload.N009.base	terminal.invocation_failure	provider.stderr_too_large	false	failed	70	false	none	0	0	1	receipt.failure.invocation	none	diagnostic.persist	legal.N009.base	cmd.N009.base	stacks/gpt-webai-slot-pool	none	70	state.unchanged	oracle.receipt.failure.invocation.valid	diagnostic.digest.valid
10	capture.root	invocation_error	not_applicable	invocation_stdout_too_large	N010.base	none	request_forbidden_provider_payload_absent	none	none	none	none	none	none	none	none	provider.stdout_too_large	none	payload.N010.base	terminal.invocation_failure	provider.stdout_too_large	false	failed	70	false	none	0	0	1	receipt.failure.invocation	none	diagnostic.persist	legal.N010.base	cmd.N010.base	stacks/gpt-webai-slot-pool	none	70	state.unchanged	oracle.receipt.failure.invocation.valid	diagnostic.digest.valid
11	capture.root	invocation_error	not_applicable	invocation_timeout	N011.base	none	request_forbidden_provider_payload_absent	none	none	none	none	none	none	none	none	provider.timeout	none	payload.N011.base	terminal.invocation_failure	provider.timeout	false	failed	70	false	none	0	0	1	receipt.failure.invocation	none	diagnostic.persist	legal.N011.base	cmd.N011.base	stacks/gpt-webai-slot-pool	none	70	state.unchanged	oracle.receipt.failure.invocation.valid	diagnostic.digest.valid
12	capture.session	exit_0	capture_failed	capture_failed	N012.base	none	present_nonempty_request_echo	diagnostic_url	unvalidated	absent	artifacts_absent	none	none	none	none	none	0	payload.N012.base	terminal.capture_failure	none	false	capture_failed	0	false	none	0	0	1	receipt.capture.session	none	capture.evidence.persist	legal.N012.base	cmd.N012.base	stacks/gpt-webai-slot-pool	0	0	state.unchanged	oracle.receipt.capture.session.valid	capture.evidence.digest.valid
13	capture.session	exit_0	captured	captured	N013.base	none	present_nonempty_request_echo	diagnostic_url	unvalidated	absent	artifacts_absent	none	none	none	none	none	0	payload.N013.base	terminal.capture_success	none	true	captured	0	false	none	0	0	1	receipt.capture.session	none	capture.evidence.persist	legal.N013.base	cmd.N013.base	stacks/gpt-webai-slot-pool	0	0	state.unchanged	oracle.receipt.capture.session.valid	capture.evidence.digest.valid
14	capture.session	invocation_error	not_applicable	invocation_contract_invalid_artifact	N014.base	none	request_present_provider_payload_absent	none	none	none	none	none	none	none	none	provider.contract.invalid_artifact	none	payload.N014.base	terminal.invocation_failure	provider.contract.invalid_artifact	false	failed	70	false	none	0	0	1	receipt.failure.invocation	none	diagnostic.persist	legal.N014.base	cmd.N014.base	stacks/gpt-webai-slot-pool	none	70	state.unchanged	oracle.receipt.failure.invocation.valid	diagnostic.digest.valid
15	capture.session	invocation_error	not_applicable	invocation_contract_invalid_field	N015.base	none	request_present_provider_payload_absent	none	none	none	none	none	none	none	none	provider.contract.invalid_field	none	payload.N015.base	terminal.invocation_failure	provider.contract.invalid_field	false	failed	70	false	none	0	0	1	receipt.failure.invocation	none	diagnostic.persist	legal.N015.base	cmd.N015.base	stacks/gpt-webai-slot-pool	none	70	state.unchanged	oracle.receipt.failure.invocation.valid	diagnostic.digest.valid
16	capture.session	invocation_error	not_applicable	invocation_contract_not_object	N016.base	none	request_present_provider_payload_absent	none	none	none	none	none	none	none	none	provider.contract.not_object	none	payload.N016.base	terminal.invocation_failure	provider.contract.not_object	false	failed	70	false	none	0	0	1	receipt.failure.invocation	none	diagnostic.persist	legal.N016.base	cmd.N016.base	stacks/gpt-webai-slot-pool	none	70	state.unchanged	oracle.receipt.failure.invocation.valid	diagnostic.digest.valid
17	capture.session	invocation_error	not_applicable	invocation_contract_unknown_status	N017.base	none	request_present_provider_payload_absent	none	none	none	none	none	none	none	none	provider.contract.unknown_status	none	payload.N017.base	terminal.invocation_failure	provider.contract.unknown_status	false	failed	70	false	none	0	0	1	receipt.failure.invocation	none	diagnostic.persist	legal.N017.base	cmd.N017.base	stacks/gpt-webai-slot-pool	none	70	state.unchanged	oracle.receipt.failure.invocation.valid	diagnostic.digest.valid
18	capture.session	invocation_error	not_applicable	invocation_invalid_json	N018.base	none	request_present_provider_payload_absent	none	none	none	none	none	none	none	none	provider.invalid_json	none	payload.N018.base	terminal.invocation_failure	provider.invalid_json	false	failed	70	false	none	0	0	1	receipt.failure.invocation	none	diagnostic.persist	legal.N018.base	cmd.N018.base	stacks/gpt-webai-slot-pool	none	70	state.unchanged	oracle.receipt.failure.invocation.valid	diagnostic.digest.valid
19	capture.session	invocation_error	not_applicable	invocation_io_error	N019.base	none	request_present_provider_payload_absent	none	none	none	none	none	none	none	none	provider.io_error	none	payload.N019.base	terminal.invocation_failure	provider.io_error	false	failed	70	false	none	0	0	1	receipt.failure.invocation	none	diagnostic.persist	legal.N019.base	cmd.N019.base	stacks/gpt-webai-slot-pool	none	70	state.unchanged	oracle.receipt.failure.invocation.valid	diagnostic.digest.valid
20	capture.session	invocation_error	not_applicable	invocation_stderr_too_large	N020.base	none	request_present_provider_payload_absent	none	none	none	none	none	none	none	none	provider.stderr_too_large	none	payload.N020.base	terminal.invocation_failure	provider.stderr_too_large	false	failed	70	false	none	0	0	1	receipt.failure.invocation	none	diagnostic.persist	legal.N020.base	cmd.N020.base	stacks/gpt-webai-slot-pool	none	70	state.unchanged	oracle.receipt.failure.invocation.valid	diagnostic.digest.valid
21	capture.session	invocation_error	not_applicable	invocation_stdout_too_large	N021.base	none	request_present_provider_payload_absent	none	none	none	none	none	none	none	none	provider.stdout_too_large	none	payload.N021.base	terminal.invocation_failure	provider.stdout_too_large	false	failed	70	false	none	0	0	1	receipt.failure.invocation	none	diagnostic.persist	legal.N021.base	cmd.N021.base	stacks/gpt-webai-slot-pool	none	70	state.unchanged	oracle.receipt.failure.invocation.valid	diagnostic.digest.valid
22	capture.session	invocation_error	not_applicable	invocation_timeout	N022.base	none	request_present_provider_payload_absent	none	none	none	none	none	none	none	none	provider.timeout	none	payload.N022.base	terminal.invocation_failure	provider.timeout	false	failed	70	false	none	0	0	1	receipt.failure.invocation	none	diagnostic.persist	legal.N022.base	cmd.N022.base	stacks/gpt-webai-slot-pool	none	70	state.unchanged	oracle.receipt.failure.invocation.valid	diagnostic.digest.valid
23	download	exit_0	artifact.controls_absent	artifact_controls_absent	N023.ae-claimed	ae.claimed	present_nonempty_validated	conversation_url	same_session	absent	artifactExpectation_present_ae.claimed_artifacts_present_empty	claim_failed_controls_absent	none	receipt.prior.answer_terminal	event.prior.AnswerTerminal	artifact.controls_absent	0	payload.N023.ae-claimed	terminal.download_artifact_failure	artifact.controls_absent	false	artifact.controls_absent	0	false	none	0	0	2	receipt.prior.answer_terminal,receipt.failure.provider	event.prior.AnswerTerminal,event.ProviderArtifactClaimEstablishedR12,event.ProviderArtifactControlsAbsentR12,event.ProviderArtifactClaimFailedR12,event.ProviderTerminalPersistedR12	artifact.claim.failure.persist	legal.N023.ae-claimed	cmd.N023.ae-claimed	stacks/gpt-webai-slot-pool	0	0	state.session.artifact_claim_failed	oracle.receipt.prior.answer_terminal.valid,oracle.receipt.failure.provider.valid	artifact.failure.no_canonical_artifact.valid
23	download	exit_0	artifact.controls_absent	artifact_controls_absent	N023.ae-optional	ae.optional	present_nonempty_validated	conversation_url	same_session	absent	artifactExpectation_present_ae.optional_artifacts_present_empty	claim_failed_controls_absent	none	receipt.prior.answer_terminal	event.prior.AnswerTerminal	artifact.controls_absent	0	payload.N023.ae-optional	terminal.download_artifact_failure	artifact.controls_absent	false	artifact.controls_absent	0	false	none	0	0	2	receipt.prior.answer_terminal,receipt.failure.provider	event.prior.AnswerTerminal,event.ProviderArtifactClaimEstablishedR12,event.ProviderArtifactControlsAbsentR12,event.ProviderArtifactClaimFailedR12,event.ProviderTerminalPersistedR12	artifact.claim.failure.persist	legal.N023.ae-optional	cmd.N023.ae-optional	stacks/gpt-webai-slot-pool	0	0	state.session.artifact_claim_failed	oracle.receipt.prior.answer_terminal.valid,oracle.receipt.failure.provider.valid	artifact.failure.no_canonical_artifact.valid
23	download	exit_0	artifact.controls_absent	artifact_controls_absent	N023.ae-required	ae.required	present_nonempty_validated	conversation_url	same_session	absent	artifactExpectation_present_ae.required_artifacts_present_empty	claim_failed_controls_absent	none	receipt.prior.answer_terminal	event.prior.AnswerTerminal	artifact.controls_absent	0	payload.N023.ae-required	terminal.download_artifact_failure	artifact.controls_absent	false	artifact.controls_absent	0	false	none	0	0	2	receipt.prior.answer_terminal,receipt.failure.provider	event.prior.AnswerTerminal,event.ProviderArtifactClaimEstablishedR12,event.ProviderArtifactControlsAbsentR12,event.ProviderArtifactClaimFailedR12,event.ProviderTerminalPersistedR12	artifact.claim.failure.persist	legal.N023.ae-required	cmd.N023.ae-required	stacks/gpt-webai-slot-pool	0	0	state.session.artifact_claim_failed	oracle.receipt.prior.answer_terminal.valid,oracle.receipt.failure.provider.valid	artifact.failure.no_canonical_artifact.valid
24	download	exit_0	artifact.download_timeout	artifact_download_timeout	N024.ae-claimed.artifact-empty	ae.claimed	present_nonempty_validated	conversation_url	same_session	absent	artifactExpectation_present_ae.claimed_artifacts_present_empty	claim_failed_download_timeout	none	receipt.prior.answer_terminal	event.prior.AnswerTerminal	artifact.download_timeout	0	payload.N024.ae-claimed.artifact-empty	terminal.download_artifact_failure	artifact.download_timeout	false	artifact.download_timeout	0	false	none	0	0	2	receipt.prior.answer_terminal,receipt.failure.provider	event.prior.AnswerTerminal,event.ProviderArtifactClaimEstablishedR12,event.ProviderArtifactControlsDiscoveredR12,event.ProviderArtifactDownloadAttemptConsumedR12,event.ProviderArtifactClaimFailedR12,event.ProviderTerminalPersistedR12	artifact.claim.failure.persist	legal.N024.ae-claimed.artifact-empty	cmd.N024.ae-claimed.artifact-empty	stacks/gpt-webai-slot-pool	0	0	state.session.artifact_claim_failed	oracle.receipt.prior.answer_terminal.valid,oracle.receipt.failure.provider.valid	artifact.failure.no_canonical_artifact.valid
24	download	exit_0	artifact.download_timeout	artifact_download_timeout	N024.ae-claimed.artifact-nonempty	ae.claimed	present_nonempty_validated	conversation_url	same_session	absent	artifactExpectation_present_ae.claimed_artifacts_present_nonempty_diagnostic	claim_failed_download_timeout	none	receipt.prior.answer_terminal	event.prior.AnswerTerminal	artifact.download_timeout	0	payload.N024.ae-claimed.artifact-nonempty	terminal.download_artifact_failure	artifact.download_timeout	false	artifact.download_timeout	0	false	none	0	0	2	receipt.prior.answer_terminal,receipt.failure.provider	event.prior.AnswerTerminal,event.ProviderArtifactClaimEstablishedR12,event.ProviderArtifactControlsDiscoveredR12,event.ProviderArtifactDownloadAttemptConsumedR12,event.ProviderArtifactClaimFailedR12,event.ProviderTerminalPersistedR12	artifact.claim.failure.persist	legal.N024.ae-claimed.artifact-nonempty	cmd.N024.ae-claimed.artifact-nonempty	stacks/gpt-webai-slot-pool	0	0	state.session.artifact_claim_failed	oracle.receipt.prior.answer_terminal.valid,oracle.receipt.failure.provider.valid	artifact.failure.no_canonical_artifact.valid
24	download	exit_0	artifact.download_timeout	artifact_download_timeout	N024.ae-none.artifact-empty	ae.none	present_nonempty_validated	conversation_url	same_session	absent	artifactExpectation_present_ae.none_artifacts_present_empty	claim_failed_download_timeout	none	receipt.prior.answer_terminal	event.prior.AnswerTerminal	artifact.download_timeout	0	payload.N024.ae-none.artifact-empty	terminal.download_artifact_failure	artifact.download_timeout	false	artifact.download_timeout	0	false	none	0	0	2	receipt.prior.answer_terminal,receipt.failure.provider	event.prior.AnswerTerminal,event.ProviderArtifactClaimEstablishedR12,event.ProviderArtifactControlsDiscoveredR12,event.ProviderArtifactDownloadAttemptConsumedR12,event.ProviderArtifactClaimFailedR12,event.ProviderTerminalPersistedR12	artifact.claim.failure.persist	legal.N024.ae-none.artifact-empty	cmd.N024.ae-none.artifact-empty	stacks/gpt-webai-slot-pool	0	0	state.session.artifact_claim_failed	oracle.receipt.prior.answer_terminal.valid,oracle.receipt.failure.provider.valid	artifact.failure.no_canonical_artifact.valid
24	download	exit_0	artifact.download_timeout	artifact_download_timeout	N024.ae-none.artifact-nonempty	ae.none	present_nonempty_validated	conversation_url	same_session	absent	artifactExpectation_present_ae.none_artifacts_present_nonempty_diagnostic	claim_failed_download_timeout	none	receipt.prior.answer_terminal	event.prior.AnswerTerminal	artifact.download_timeout	0	payload.N024.ae-none.artifact-nonempty	terminal.download_artifact_failure	artifact.download_timeout	false	artifact.download_timeout	0	false	none	0	0	2	receipt.prior.answer_terminal,receipt.failure.provider	event.prior.AnswerTerminal,event.ProviderArtifactClaimEstablishedR12,event.ProviderArtifactControlsDiscoveredR12,event.ProviderArtifactDownloadAttemptConsumedR12,event.ProviderArtifactClaimFailedR12,event.ProviderTerminalPersistedR12	artifact.claim.failure.persist	legal.N024.ae-none.artifact-nonempty	cmd.N024.ae-none.artifact-nonempty	stacks/gpt-webai-slot-pool	0	0	state.session.artifact_claim_failed	oracle.receipt.prior.answer_terminal.valid,oracle.receipt.failure.provider.valid	artifact.failure.no_canonical_artifact.valid
24	download	exit_0	artifact.download_timeout	artifact_download_timeout	N024.ae-optional.artifact-empty	ae.optional	present_nonempty_validated	conversation_url	same_session	absent	artifactExpectation_present_ae.optional_artifacts_present_empty	claim_failed_download_timeout	none	receipt.prior.answer_terminal	event.prior.AnswerTerminal	artifact.download_timeout	0	payload.N024.ae-optional.artifact-empty	terminal.download_artifact_failure	artifact.download_timeout	false	artifact.download_timeout	0	false	none	0	0	2	receipt.prior.answer_terminal,receipt.failure.provider	event.prior.AnswerTerminal,event.ProviderArtifactClaimEstablishedR12,event.ProviderArtifactControlsDiscoveredR12,event.ProviderArtifactDownloadAttemptConsumedR12,event.ProviderArtifactClaimFailedR12,event.ProviderTerminalPersistedR12	artifact.claim.failure.persist	legal.N024.ae-optional.artifact-empty	cmd.N024.ae-optional.artifact-empty	stacks/gpt-webai-slot-pool	0	0	state.session.artifact_claim_failed	oracle.receipt.prior.answer_terminal.valid,oracle.receipt.failure.provider.valid	artifact.failure.no_canonical_artifact.valid
24	download	exit_0	artifact.download_timeout	artifact_download_timeout	N024.ae-optional.artifact-nonempty	ae.optional	present_nonempty_validated	conversation_url	same_session	absent	artifactExpectation_present_ae.optional_artifacts_present_nonempty_diagnostic	claim_failed_download_timeout	none	receipt.prior.answer_terminal	event.prior.AnswerTerminal	artifact.download_timeout	0	payload.N024.ae-optional.artifact-nonempty	terminal.download_artifact_failure	artifact.download_timeout	false	artifact.download_timeout	0	false	none	0	0	2	receipt.prior.answer_terminal,receipt.failure.provider	event.prior.AnswerTerminal,event.ProviderArtifactClaimEstablishedR12,event.ProviderArtifactControlsDiscoveredR12,event.ProviderArtifactDownloadAttemptConsumedR12,event.ProviderArtifactClaimFailedR12,event.ProviderTerminalPersistedR12	artifact.claim.failure.persist	legal.N024.ae-optional.artifact-nonempty	cmd.N024.ae-optional.artifact-nonempty	stacks/gpt-webai-slot-pool	0	0	state.session.artifact_claim_failed	oracle.receipt.prior.answer_terminal.valid,oracle.receipt.failure.provider.valid	artifact.failure.no_canonical_artifact.valid
24	download	exit_0	artifact.download_timeout	artifact_download_timeout	N024.ae-required.artifact-empty	ae.required	present_nonempty_validated	conversation_url	same_session	absent	artifactExpectation_present_ae.required_artifacts_present_empty	claim_failed_download_timeout	none	receipt.prior.answer_terminal	event.prior.AnswerTerminal	artifact.download_timeout	0	payload.N024.ae-required.artifact-empty	terminal.download_artifact_failure	artifact.download_timeout	false	artifact.download_timeout	0	false	none	0	0	2	receipt.prior.answer_terminal,receipt.failure.provider	event.prior.AnswerTerminal,event.ProviderArtifactClaimEstablishedR12,event.ProviderArtifactControlsDiscoveredR12,event.ProviderArtifactDownloadAttemptConsumedR12,event.ProviderArtifactClaimFailedR12,event.ProviderTerminalPersistedR12	artifact.claim.failure.persist	legal.N024.ae-required.artifact-empty	cmd.N024.ae-required.artifact-empty	stacks/gpt-webai-slot-pool	0	0	state.session.artifact_claim_failed	oracle.receipt.prior.answer_terminal.valid,oracle.receipt.failure.provider.valid	artifact.failure.no_canonical_artifact.valid
24	download	exit_0	artifact.download_timeout	artifact_download_timeout	N024.ae-required.artifact-nonempty	ae.required	present_nonempty_validated	conversation_url	same_session	absent	artifactExpectation_present_ae.required_artifacts_present_nonempty_diagnostic	claim_failed_download_timeout	none	receipt.prior.answer_terminal	event.prior.AnswerTerminal	artifact.download_timeout	0	payload.N024.ae-required.artifact-nonempty	terminal.download_artifact_failure	artifact.download_timeout	false	artifact.download_timeout	0	false	none	0	0	2	receipt.prior.answer_terminal,receipt.failure.provider	event.prior.AnswerTerminal,event.ProviderArtifactClaimEstablishedR12,event.ProviderArtifactControlsDiscoveredR12,event.ProviderArtifactDownloadAttemptConsumedR12,event.ProviderArtifactClaimFailedR12,event.ProviderTerminalPersistedR12	artifact.claim.failure.persist	legal.N024.ae-required.artifact-nonempty	cmd.N024.ae-required.artifact-nonempty	stacks/gpt-webai-slot-pool	0	0	state.session.artifact_claim_failed	oracle.receipt.prior.answer_terminal.valid,oracle.receipt.failure.provider.valid	artifact.failure.no_canonical_artifact.valid
25	download	exit_0	artifact.recovery_failed	artifact_recovery_failed	N025.ae-claimed.artifact-empty	ae.claimed	present_nonempty_validated	conversation_url	same_session	absent	artifactExpectation_present_ae.claimed_artifacts_present_empty	claim_failed_recovery	none	receipt.prior.answer_terminal	event.prior.AnswerTerminal	artifact.recovery_failed	0	payload.N025.ae-claimed.artifact-empty	terminal.download_artifact_failure	artifact.recovery_failed	false	artifact.recovery_failed	0	false	none	0	0	2	receipt.prior.answer_terminal,receipt.failure.provider	event.prior.AnswerTerminal,event.ProviderArtifactClaimEstablishedR12,event.ProviderArtifactControlsDiscoveredR12,event.ProviderArtifactDownloadAttemptConsumedR12,event.ProviderArtifactClaimFailedR12,event.ProviderTerminalPersistedR12	artifact.claim.failure.persist	legal.N025.ae-claimed.artifact-empty	cmd.N025.ae-claimed.artifact-empty	stacks/gpt-webai-slot-pool	0	0	state.session.artifact_claim_failed	oracle.receipt.prior.answer_terminal.valid,oracle.receipt.failure.provider.valid	artifact.failure.no_canonical_artifact.valid
25	download	exit_0	artifact.recovery_failed	artifact_recovery_failed	N025.ae-claimed.artifact-nonempty	ae.claimed	present_nonempty_validated	conversation_url	same_session	absent	artifactExpectation_present_ae.claimed_artifacts_present_nonempty_diagnostic	claim_failed_recovery	none	receipt.prior.answer_terminal	event.prior.AnswerTerminal	artifact.recovery_failed	0	payload.N025.ae-claimed.artifact-nonempty	terminal.download_artifact_failure	artifact.recovery_failed	false	artifact.recovery_failed	0	false	none	0	0	2	receipt.prior.answer_terminal,receipt.failure.provider	event.prior.AnswerTerminal,event.ProviderArtifactClaimEstablishedR12,event.ProviderArtifactControlsDiscoveredR12,event.ProviderArtifactDownloadAttemptConsumedR12,event.ProviderArtifactClaimFailedR12,event.ProviderTerminalPersistedR12	artifact.claim.failure.persist	legal.N025.ae-claimed.artifact-nonempty	cmd.N025.ae-claimed.artifact-nonempty	stacks/gpt-webai-slot-pool	0	0	state.session.artifact_claim_failed	oracle.receipt.prior.answer_terminal.valid,oracle.receipt.failure.provider.valid	artifact.failure.no_canonical_artifact.valid
25	download	exit_0	artifact.recovery_failed	artifact_recovery_failed	N025.ae-none.artifact-empty	ae.none	present_nonempty_validated	conversation_url	same_session	absent	artifactExpectation_present_ae.none_artifacts_present_empty	claim_failed_recovery	none	receipt.prior.answer_terminal	event.prior.AnswerTerminal	artifact.recovery_failed	0	payload.N025.ae-none.artifact-empty	terminal.download_artifact_failure	artifact.recovery_failed	false	artifact.recovery_failed	0	false	none	0	0	2	receipt.prior.answer_terminal,receipt.failure.provider	event.prior.AnswerTerminal,event.ProviderArtifactClaimEstablishedR12,event.ProviderArtifactControlsDiscoveredR12,event.ProviderArtifactDownloadAttemptConsumedR12,event.ProviderArtifactClaimFailedR12,event.ProviderTerminalPersistedR12	artifact.claim.failure.persist	legal.N025.ae-none.artifact-empty	cmd.N025.ae-none.artifact-empty	stacks/gpt-webai-slot-pool	0	0	state.session.artifact_claim_failed	oracle.receipt.prior.answer_terminal.valid,oracle.receipt.failure.provider.valid	artifact.failure.no_canonical_artifact.valid
25	download	exit_0	artifact.recovery_failed	artifact_recovery_failed	N025.ae-none.artifact-nonempty	ae.none	present_nonempty_validated	conversation_url	same_session	absent	artifactExpectation_present_ae.none_artifacts_present_nonempty_diagnostic	claim_failed_recovery	none	receipt.prior.answer_terminal	event.prior.AnswerTerminal	artifact.recovery_failed	0	payload.N025.ae-none.artifact-nonempty	terminal.download_artifact_failure	artifact.recovery_failed	false	artifact.recovery_failed	0	false	none	0	0	2	receipt.prior.answer_terminal,receipt.failure.provider	event.prior.AnswerTerminal,event.ProviderArtifactClaimEstablishedR12,event.ProviderArtifactControlsDiscoveredR12,event.ProviderArtifactDownloadAttemptConsumedR12,event.ProviderArtifactClaimFailedR12,event.ProviderTerminalPersistedR12	artifact.claim.failure.persist	legal.N025.ae-none.artifact-nonempty	cmd.N025.ae-none.artifact-nonempty	stacks/gpt-webai-slot-pool	0	0	state.session.artifact_claim_failed	oracle.receipt.prior.answer_terminal.valid,oracle.receipt.failure.provider.valid	artifact.failure.no_canonical_artifact.valid
25	download	exit_0	artifact.recovery_failed	artifact_recovery_failed	N025.ae-optional.artifact-empty	ae.optional	present_nonempty_validated	conversation_url	same_session	absent	artifactExpectation_present_ae.optional_artifacts_present_empty	claim_failed_recovery	none	receipt.prior.answer_terminal	event.prior.AnswerTerminal	artifact.recovery_failed	0	payload.N025.ae-optional.artifact-empty	terminal.download_artifact_failure	artifact.recovery_failed	false	artifact.recovery_failed	0	false	none	0	0	2	receipt.prior.answer_terminal,receipt.failure.provider	event.prior.AnswerTerminal,event.ProviderArtifactClaimEstablishedR12,event.ProviderArtifactControlsDiscoveredR12,event.ProviderArtifactDownloadAttemptConsumedR12,event.ProviderArtifactClaimFailedR12,event.ProviderTerminalPersistedR12	artifact.claim.failure.persist	legal.N025.ae-optional.artifact-empty	cmd.N025.ae-optional.artifact-empty	stacks/gpt-webai-slot-pool	0	0	state.session.artifact_claim_failed	oracle.receipt.prior.answer_terminal.valid,oracle.receipt.failure.provider.valid	artifact.failure.no_canonical_artifact.valid
25	download	exit_0	artifact.recovery_failed	artifact_recovery_failed	N025.ae-optional.artifact-nonempty	ae.optional	present_nonempty_validated	conversation_url	same_session	absent	artifactExpectation_present_ae.optional_artifacts_present_nonempty_diagnostic	claim_failed_recovery	none	receipt.prior.answer_terminal	event.prior.AnswerTerminal	artifact.recovery_failed	0	payload.N025.ae-optional.artifact-nonempty	terminal.download_artifact_failure	artifact.recovery_failed	false	artifact.recovery_failed	0	false	none	0	0	2	receipt.prior.answer_terminal,receipt.failure.provider	event.prior.AnswerTerminal,event.ProviderArtifactClaimEstablishedR12,event.ProviderArtifactControlsDiscoveredR12,event.ProviderArtifactDownloadAttemptConsumedR12,event.ProviderArtifactClaimFailedR12,event.ProviderTerminalPersistedR12	artifact.claim.failure.persist	legal.N025.ae-optional.artifact-nonempty	cmd.N025.ae-optional.artifact-nonempty	stacks/gpt-webai-slot-pool	0	0	state.session.artifact_claim_failed	oracle.receipt.prior.answer_terminal.valid,oracle.receipt.failure.provider.valid	artifact.failure.no_canonical_artifact.valid
25	download	exit_0	artifact.recovery_failed	artifact_recovery_failed	N025.ae-required.artifact-empty	ae.required	present_nonempty_validated	conversation_url	same_session	absent	artifactExpectation_present_ae.required_artifacts_present_empty	claim_failed_recovery	none	receipt.prior.answer_terminal	event.prior.AnswerTerminal	artifact.recovery_failed	0	payload.N025.ae-required.artifact-empty	terminal.download_artifact_failure	artifact.recovery_failed	false	artifact.recovery_failed	0	false	none	0	0	2	receipt.prior.answer_terminal,receipt.failure.provider	event.prior.AnswerTerminal,event.ProviderArtifactClaimEstablishedR12,event.ProviderArtifactControlsDiscoveredR12,event.ProviderArtifactDownloadAttemptConsumedR12,event.ProviderArtifactClaimFailedR12,event.ProviderTerminalPersistedR12	artifact.claim.failure.persist	legal.N025.ae-required.artifact-empty	cmd.N025.ae-required.artifact-empty	stacks/gpt-webai-slot-pool	0	0	state.session.artifact_claim_failed	oracle.receipt.prior.answer_terminal.valid,oracle.receipt.failure.provider.valid	artifact.failure.no_canonical_artifact.valid
25	download	exit_0	artifact.recovery_failed	artifact_recovery_failed	N025.ae-required.artifact-nonempty	ae.required	present_nonempty_validated	conversation_url	same_session	absent	artifactExpectation_present_ae.required_artifacts_present_nonempty_diagnostic	claim_failed_recovery	none	receipt.prior.answer_terminal	event.prior.AnswerTerminal	artifact.recovery_failed	0	payload.N025.ae-required.artifact-nonempty	terminal.download_artifact_failure	artifact.recovery_failed	false	artifact.recovery_failed	0	false	none	0	0	2	receipt.prior.answer_terminal,receipt.failure.provider	event.prior.AnswerTerminal,event.ProviderArtifactClaimEstablishedR12,event.ProviderArtifactControlsDiscoveredR12,event.ProviderArtifactDownloadAttemptConsumedR12,event.ProviderArtifactClaimFailedR12,event.ProviderTerminalPersistedR12	artifact.claim.failure.persist	legal.N025.ae-required.artifact-nonempty	cmd.N025.ae-required.artifact-nonempty	stacks/gpt-webai-slot-pool	0	0	state.session.artifact_claim_failed	oracle.receipt.prior.answer_terminal.valid,oracle.receipt.failure.provider.valid	artifact.failure.no_canonical_artifact.valid
26	download	exit_0	done	done	N026.ae-claimed.artifact-nonempty	ae.claimed	present_nonempty_validated	conversation_url	same_session	absent	artifactExpectation_present_ae.claimed_artifacts_present_nonempty_saved	claim_satisfied_nonempty_saved	none	receipt.prior.answer_terminal	event.prior.AnswerTerminal	none	0	payload.N026.ae-claimed.artifact-nonempty	terminal.download_success	none	true	done	0	false	none	0	0	2	receipt.prior.answer_terminal,receipt.artifact.download	event.prior.AnswerTerminal,event.ProviderArtifactClaimEstablishedR12,event.ProviderArtifactControlsDiscoveredR12,event.ProviderArtifactDownloadAttemptConsumedR12,event.ProviderArtifactDownloadCompletedR12,event.ProviderArtifactClaimCompletedR12,event.ProviderTerminalPersistedR12	artifact.bundle.persist	legal.N026.ae-claimed.artifact-nonempty	cmd.N026.ae-claimed.artifact-nonempty	stacks/gpt-webai-slot-pool	0	0	state.session.artifact_claim_complete	oracle.receipt.prior.answer_terminal.valid,oracle.receipt.artifact.download.valid	artifact.side_effect.download.positive
26	download	exit_0	done	done	N026.ae-none.artifact-nonempty	ae.none	present_nonempty_validated	conversation_url	same_session	absent	artifactExpectation_present_ae.none_artifacts_present_nonempty_saved	claim_satisfied_nonempty_saved	none	receipt.prior.answer_terminal	event.prior.AnswerTerminal	none	0	payload.N026.ae-none.artifact-nonempty	terminal.download_success	none	true	done	0	false	none	0	0	2	receipt.prior.answer_terminal,receipt.artifact.download	event.prior.AnswerTerminal,event.ProviderArtifactClaimEstablishedR12,event.ProviderArtifactControlsDiscoveredR12,event.ProviderArtifactDownloadAttemptConsumedR12,event.ProviderArtifactDownloadCompletedR12,event.ProviderArtifactClaimCompletedR12,event.ProviderTerminalPersistedR12	artifact.bundle.persist	legal.N026.ae-none.artifact-nonempty	cmd.N026.ae-none.artifact-nonempty	stacks/gpt-webai-slot-pool	0	0	state.session.artifact_claim_complete	oracle.receipt.prior.answer_terminal.valid,oracle.receipt.artifact.download.valid	artifact.side_effect.download.positive
26	download	exit_0	done	done	N026.ae-none.artifact-zero	ae.none	present_nonempty_validated	conversation_url	same_session	absent	artifactExpectation_present_ae.none_artifacts_present_empty	claim_satisfied_zero_expectation_none	none	receipt.prior.answer_terminal	event.prior.AnswerTerminal	none	0	payload.N026.ae-none.artifact-zero	terminal.download_success	none	true	done	0	false	none	0	0	2	receipt.prior.answer_terminal,receipt.claim.zero	event.prior.AnswerTerminal,event.ProviderArtifactClaimEstablishedR12,event.ProviderArtifactControlsAbsentR12,event.ProviderArtifactClaimCompletedR12,event.ProviderTerminalPersistedR12	artifact.claim.zero.persist	legal.N026.ae-none.artifact-zero	cmd.N026.ae-none.artifact-zero	stacks/gpt-webai-slot-pool	0	0	state.session.artifact_claim_zero_complete	oracle.receipt.prior.answer_terminal.valid,oracle.receipt.claim.zero.valid	artifact.zero_effect.valid
26	download	exit_0	done	done	N026.ae-optional.artifact-nonempty	ae.optional	present_nonempty_validated	conversation_url	same_session	absent	artifactExpectation_present_ae.optional_artifacts_present_nonempty_saved	claim_satisfied_nonempty_saved	none	receipt.prior.answer_terminal	event.prior.AnswerTerminal	none	0	payload.N026.ae-optional.artifact-nonempty	terminal.download_success	none	true	done	0	false	none	0	0	2	receipt.prior.answer_terminal,receipt.artifact.download	event.prior.AnswerTerminal,event.ProviderArtifactClaimEstablishedR12,event.ProviderArtifactControlsDiscoveredR12,event.ProviderArtifactDownloadAttemptConsumedR12,event.ProviderArtifactDownloadCompletedR12,event.ProviderArtifactClaimCompletedR12,event.ProviderTerminalPersistedR12	artifact.bundle.persist	legal.N026.ae-optional.artifact-nonempty	cmd.N026.ae-optional.artifact-nonempty	stacks/gpt-webai-slot-pool	0	0	state.session.artifact_claim_complete	oracle.receipt.prior.answer_terminal.valid,oracle.receipt.artifact.download.valid	artifact.side_effect.download.positive
26	download	exit_0	done	done	N026.ae-optional.artifact-zero	ae.optional	present_nonempty_validated	conversation_url	same_session	absent	artifactExpectation_present_ae.optional_artifacts_present_empty	claim_satisfied_zero_optional_unclaimed	none	receipt.prior.answer_terminal	event.prior.AnswerTerminal	none	0	payload.N026.ae-optional.artifact-zero	terminal.download_success	none	true	done	0	false	none	0	0	2	receipt.prior.answer_terminal,receipt.claim.zero	event.prior.AnswerTerminal,event.ProviderArtifactClaimEstablishedR12,event.ProviderArtifactControlsAbsentR12,event.ProviderArtifactClaimCompletedR12,event.ProviderTerminalPersistedR12	artifact.claim.zero.persist	legal.N026.ae-optional.artifact-zero	cmd.N026.ae-optional.artifact-zero	stacks/gpt-webai-slot-pool	0	0	state.session.artifact_claim_zero_complete	oracle.receipt.prior.answer_terminal.valid,oracle.receipt.claim.zero.valid	artifact.zero_effect.valid
26	download	exit_0	done	done	N026.ae-required.artifact-nonempty	ae.required	present_nonempty_validated	conversation_url	same_session	absent	artifactExpectation_present_ae.required_artifacts_present_nonempty_saved	claim_satisfied_nonempty_saved	none	receipt.prior.answer_terminal	event.prior.AnswerTerminal	none	0	payload.N026.ae-required.artifact-nonempty	terminal.download_success	none	true	done	0	false	none	0	0	2	receipt.prior.answer_terminal,receipt.artifact.download	event.prior.AnswerTerminal,event.ProviderArtifactClaimEstablishedR12,event.ProviderArtifactControlsDiscoveredR12,event.ProviderArtifactDownloadAttemptConsumedR12,event.ProviderArtifactDownloadCompletedR12,event.ProviderArtifactClaimCompletedR12,event.ProviderTerminalPersistedR12	artifact.bundle.persist	legal.N026.ae-required.artifact-nonempty	cmd.N026.ae-required.artifact-nonempty	stacks/gpt-webai-slot-pool	0	0	state.session.artifact_claim_complete	oracle.receipt.prior.answer_terminal.valid,oracle.receipt.artifact.download.valid	artifact.side_effect.download.positive
27	download	exit_0	provider_limit	postclick_provider_limit	N027.ae-claimed.artifact-empty	ae.claimed	present_nonempty_validated	conversation_url	same_session	absent	artifactExpectation_present_ae.claimed_artifacts_present_empty	claim_failed_postclick_provider_limit	none	receipt.prior.answer_terminal	event.prior.AnswerTerminal	provider.limit	0	payload.N027.ae-claimed.artifact-empty	terminal.download_artifact_failure	provider.limit	false	provider_limit	0	false	none	0	0	2	receipt.prior.answer_terminal,receipt.failure.provider	event.prior.AnswerTerminal,event.ProviderArtifactClaimEstablishedR12,event.ProviderArtifactControlsDiscoveredR12,event.ProviderArtifactDownloadAttemptConsumedR12,event.ProviderArtifactClaimFailedR12,event.ProviderTerminalPersistedR12,event.ProviderSlotHealthUpdatedR12	artifact.claim.failure.persist	legal.N027.ae-claimed.artifact-empty	cmd.N027.ae-claimed.artifact-empty	stacks/gpt-webai-slot-pool	0	0	state.session.artifact_claim_failed	oracle.receipt.prior.answer_terminal.valid,oracle.receipt.failure.provider.valid	artifact.failure.no_canonical_artifact.valid
27	download	exit_0	provider_limit	postclick_provider_limit	N027.ae-claimed.artifact-nonempty	ae.claimed	present_nonempty_validated	conversation_url	same_session	absent	artifactExpectation_present_ae.claimed_artifacts_present_nonempty_diagnostic	claim_failed_postclick_provider_limit	none	receipt.prior.answer_terminal	event.prior.AnswerTerminal	provider.limit	0	payload.N027.ae-claimed.artifact-nonempty	terminal.download_artifact_failure	provider.limit	false	provider_limit	0	false	none	0	0	2	receipt.prior.answer_terminal,receipt.failure.provider	event.prior.AnswerTerminal,event.ProviderArtifactClaimEstablishedR12,event.ProviderArtifactControlsDiscoveredR12,event.ProviderArtifactDownloadAttemptConsumedR12,event.ProviderArtifactClaimFailedR12,event.ProviderTerminalPersistedR12,event.ProviderSlotHealthUpdatedR12	artifact.claim.failure.persist	legal.N027.ae-claimed.artifact-nonempty	cmd.N027.ae-claimed.artifact-nonempty	stacks/gpt-webai-slot-pool	0	0	state.session.artifact_claim_failed	oracle.receipt.prior.answer_terminal.valid,oracle.receipt.failure.provider.valid	artifact.failure.no_canonical_artifact.valid
27	download	exit_0	provider_limit	postclick_provider_limit	N027.ae-none.artifact-empty	ae.none	present_nonempty_validated	conversation_url	same_session	absent	artifactExpectation_present_ae.none_artifacts_present_empty	claim_failed_postclick_provider_limit	none	receipt.prior.answer_terminal	event.prior.AnswerTerminal	provider.limit	0	payload.N027.ae-none.artifact-empty	terminal.download_artifact_failure	provider.limit	false	provider_limit	0	false	none	0	0	2	receipt.prior.answer_terminal,receipt.failure.provider	event.prior.AnswerTerminal,event.ProviderArtifactClaimEstablishedR12,event.ProviderArtifactControlsDiscoveredR12,event.ProviderArtifactDownloadAttemptConsumedR12,event.ProviderArtifactClaimFailedR12,event.ProviderTerminalPersistedR12,event.ProviderSlotHealthUpdatedR12	artifact.claim.failure.persist	legal.N027.ae-none.artifact-empty	cmd.N027.ae-none.artifact-empty	stacks/gpt-webai-slot-pool	0	0	state.session.artifact_claim_failed	oracle.receipt.prior.answer_terminal.valid,oracle.receipt.failure.provider.valid	artifact.failure.no_canonical_artifact.valid
27	download	exit_0	provider_limit	postclick_provider_limit	N027.ae-none.artifact-nonempty	ae.none	present_nonempty_validated	conversation_url	same_session	absent	artifactExpectation_present_ae.none_artifacts_present_nonempty_diagnostic	claim_failed_postclick_provider_limit	none	receipt.prior.answer_terminal	event.prior.AnswerTerminal	provider.limit	0	payload.N027.ae-none.artifact-nonempty	terminal.download_artifact_failure	provider.limit	false	provider_limit	0	false	none	0	0	2	receipt.prior.answer_terminal,receipt.failure.provider	event.prior.AnswerTerminal,event.ProviderArtifactClaimEstablishedR12,event.ProviderArtifactControlsDiscoveredR12,event.ProviderArtifactDownloadAttemptConsumedR12,event.ProviderArtifactClaimFailedR12,event.ProviderTerminalPersistedR12,event.ProviderSlotHealthUpdatedR12	artifact.claim.failure.persist	legal.N027.ae-none.artifact-nonempty	cmd.N027.ae-none.artifact-nonempty	stacks/gpt-webai-slot-pool	0	0	state.session.artifact_claim_failed	oracle.receipt.prior.answer_terminal.valid,oracle.receipt.failure.provider.valid	artifact.failure.no_canonical_artifact.valid
27	download	exit_0	provider_limit	postclick_provider_limit	N027.ae-optional.artifact-empty	ae.optional	present_nonempty_validated	conversation_url	same_session	absent	artifactExpectation_present_ae.optional_artifacts_present_empty	claim_failed_postclick_provider_limit	none	receipt.prior.answer_terminal	event.prior.AnswerTerminal	provider.limit	0	payload.N027.ae-optional.artifact-empty	terminal.download_artifact_failure	provider.limit	false	provider_limit	0	false	none	0	0	2	receipt.prior.answer_terminal,receipt.failure.provider	event.prior.AnswerTerminal,event.ProviderArtifactClaimEstablishedR12,event.ProviderArtifactControlsDiscoveredR12,event.ProviderArtifactDownloadAttemptConsumedR12,event.ProviderArtifactClaimFailedR12,event.ProviderTerminalPersistedR12,event.ProviderSlotHealthUpdatedR12	artifact.claim.failure.persist	legal.N027.ae-optional.artifact-empty	cmd.N027.ae-optional.artifact-empty	stacks/gpt-webai-slot-pool	0	0	state.session.artifact_claim_failed	oracle.receipt.prior.answer_terminal.valid,oracle.receipt.failure.provider.valid	artifact.failure.no_canonical_artifact.valid
27	download	exit_0	provider_limit	postclick_provider_limit	N027.ae-optional.artifact-nonempty	ae.optional	present_nonempty_validated	conversation_url	same_session	absent	artifactExpectation_present_ae.optional_artifacts_present_nonempty_diagnostic	claim_failed_postclick_provider_limit	none	receipt.prior.answer_terminal	event.prior.AnswerTerminal	provider.limit	0	payload.N027.ae-optional.artifact-nonempty	terminal.download_artifact_failure	provider.limit	false	provider_limit	0	false	none	0	0	2	receipt.prior.answer_terminal,receipt.failure.provider	event.prior.AnswerTerminal,event.ProviderArtifactClaimEstablishedR12,event.ProviderArtifactControlsDiscoveredR12,event.ProviderArtifactDownloadAttemptConsumedR12,event.ProviderArtifactClaimFailedR12,event.ProviderTerminalPersistedR12,event.ProviderSlotHealthUpdatedR12	artifact.claim.failure.persist	legal.N027.ae-optional.artifact-nonempty	cmd.N027.ae-optional.artifact-nonempty	stacks/gpt-webai-slot-pool	0	0	state.session.artifact_claim_failed	oracle.receipt.prior.answer_terminal.valid,oracle.receipt.failure.provider.valid	artifact.failure.no_canonical_artifact.valid
27	download	exit_0	provider_limit	postclick_provider_limit	N027.ae-required.artifact-empty	ae.required	present_nonempty_validated	conversation_url	same_session	absent	artifactExpectation_present_ae.required_artifacts_present_empty	claim_failed_postclick_provider_limit	none	receipt.prior.answer_terminal	event.prior.AnswerTerminal	provider.limit	0	payload.N027.ae-required.artifact-empty	terminal.download_artifact_failure	provider.limit	false	provider_limit	0	false	none	0	0	2	receipt.prior.answer_terminal,receipt.failure.provider	event.prior.AnswerTerminal,event.ProviderArtifactClaimEstablishedR12,event.ProviderArtifactControlsDiscoveredR12,event.ProviderArtifactDownloadAttemptConsumedR12,event.ProviderArtifactClaimFailedR12,event.ProviderTerminalPersistedR12,event.ProviderSlotHealthUpdatedR12	artifact.claim.failure.persist	legal.N027.ae-required.artifact-empty	cmd.N027.ae-required.artifact-empty	stacks/gpt-webai-slot-pool	0	0	state.session.artifact_claim_failed	oracle.receipt.prior.answer_terminal.valid,oracle.receipt.failure.provider.valid	artifact.failure.no_canonical_artifact.valid
27	download	exit_0	provider_limit	postclick_provider_limit	N027.ae-required.artifact-nonempty	ae.required	present_nonempty_validated	conversation_url	same_session	absent	artifactExpectation_present_ae.required_artifacts_present_nonempty_diagnostic	claim_failed_postclick_provider_limit	none	receipt.prior.answer_terminal	event.prior.AnswerTerminal	provider.limit	0	payload.N027.ae-required.artifact-nonempty	terminal.download_artifact_failure	provider.limit	false	provider_limit	0	false	none	0	0	2	receipt.prior.answer_terminal,receipt.failure.provider	event.prior.AnswerTerminal,event.ProviderArtifactClaimEstablishedR12,event.ProviderArtifactControlsDiscoveredR12,event.ProviderArtifactDownloadAttemptConsumedR12,event.ProviderArtifactClaimFailedR12,event.ProviderTerminalPersistedR12,event.ProviderSlotHealthUpdatedR12	artifact.claim.failure.persist	legal.N027.ae-required.artifact-nonempty	cmd.N027.ae-required.artifact-nonempty	stacks/gpt-webai-slot-pool	0	0	state.session.artifact_claim_failed	oracle.receipt.prior.answer_terminal.valid,oracle.receipt.failure.provider.valid	artifact.failure.no_canonical_artifact.valid
28	download	exit_0	provider_limit	preclick_provider_limit	N028.ae-claimed	ae.claimed	present_nonempty_validated	conversation_url	same_session	absent	artifactExpectation_absent_artifacts_absent	claim_not_started	none	none	event.prior.SessionHydrated	provider.limit	0	payload.N028.ae-claimed	terminal.download_failure	provider.limit	false	provider_limit	0	false	none	0	0	1	receipt.failure.provider	event.prior.SessionHydrated,event.ProviderSlotHealthUpdatedR12	health.projection.persist	legal.N028.ae-claimed	cmd.N028.ae-claimed	stacks/gpt-webai-slot-pool	0	0	state.health.provider_limit	oracle.receipt.failure.provider.valid	health.projection.valid
28	download	exit_0	provider_limit	preclick_provider_limit	N028.ae-none	ae.none	present_nonempty_validated	conversation_url	same_session	absent	artifactExpectation_absent_artifacts_absent	claim_not_started	none	none	event.prior.SessionHydrated	provider.limit	0	payload.N028.ae-none	terminal.download_failure	provider.limit	false	provider_limit	0	false	none	0	0	1	receipt.failure.provider	event.prior.SessionHydrated,event.ProviderSlotHealthUpdatedR12	health.projection.persist	legal.N028.ae-none	cmd.N028.ae-none	stacks/gpt-webai-slot-pool	0	0	state.health.provider_limit	oracle.receipt.failure.provider.valid	health.projection.valid
28	download	exit_0	provider_limit	preclick_provider_limit	N028.ae-optional	ae.optional	present_nonempty_validated	conversation_url	same_session	absent	artifactExpectation_absent_artifacts_absent	claim_not_started	none	none	event.prior.SessionHydrated	provider.limit	0	payload.N028.ae-optional	terminal.download_failure	provider.limit	false	provider_limit	0	false	none	0	0	1	receipt.failure.provider	event.prior.SessionHydrated,event.ProviderSlotHealthUpdatedR12	health.projection.persist	legal.N028.ae-optional	cmd.N028.ae-optional	stacks/gpt-webai-slot-pool	0	0	state.health.provider_limit	oracle.receipt.failure.provider.valid	health.projection.valid
28	download	exit_0	provider_limit	preclick_provider_limit	N028.ae-required	ae.required	present_nonempty_validated	conversation_url	same_session	absent	artifactExpectation_absent_artifacts_absent	claim_not_started	none	none	event.prior.SessionHydrated	provider.limit	0	payload.N028.ae-required	terminal.download_failure	provider.limit	false	provider_limit	0	false	none	0	0	1	receipt.failure.provider	event.prior.SessionHydrated,event.ProviderSlotHealthUpdatedR12	health.projection.persist	legal.N028.ae-required	cmd.N028.ae-required	stacks/gpt-webai-slot-pool	0	0	state.health.provider_limit	oracle.receipt.failure.provider.valid	health.projection.valid
29	download	exit_0	scroll.bottom_unverified	content_scroll_unverified	N029.ae-claimed.answer-absent	ae.claimed	present_nonempty_validated	conversation_url	same_session	absent	artifactExpectation_absent_artifacts_absent	claim_not_started	none	none	event.prior.SessionHydrated	visual_failure_reason	0	payload.N029.ae-claimed.answer-absent	terminal.download_failure	visual_failure_reason	false	scroll.bottom_unverified	0	false	none	0	0	1	receipt.failure.provider	event.prior.SessionHydrated,event.ProviderDownloadObservationR12	session.observation.persist	legal.N029.ae-claimed.answer-absent	cmd.N029.ae-claimed.answer-absent	stacks/gpt-webai-slot-pool	0	0	state.session.observed_failure	oracle.receipt.failure.provider.valid	session.observation.valid
29	download	exit_0	scroll.bottom_unverified	content_scroll_unverified	N029.ae-claimed.answer-present	ae.claimed	present_nonempty_validated	conversation_url	same_session	present_nonempty	artifactExpectation_absent_artifacts_absent	claim_not_started	none	none	event.prior.SessionHydrated	visual_failure_reason	0	payload.N029.ae-claimed.answer-present	terminal.download_failure	visual_failure_reason	false	scroll.bottom_unverified	0	false	none	0	0	1	receipt.failure.provider	event.prior.SessionHydrated,event.ProviderDownloadObservationR12	session.observation.persist	legal.N029.ae-claimed.answer-present	cmd.N029.ae-claimed.answer-present	stacks/gpt-webai-slot-pool	0	0	state.session.observed_failure	oracle.receipt.failure.provider.valid	session.observation.valid
29	download	exit_0	scroll.bottom_unverified	content_scroll_unverified	N029.ae-none.answer-absent	ae.none	present_nonempty_validated	conversation_url	same_session	absent	artifactExpectation_absent_artifacts_absent	claim_not_started	none	none	event.prior.SessionHydrated	visual_failure_reason	0	payload.N029.ae-none.answer-absent	terminal.download_failure	visual_failure_reason	false	scroll.bottom_unverified	0	false	none	0	0	1	receipt.failure.provider	event.prior.SessionHydrated,event.ProviderDownloadObservationR12	session.observation.persist	legal.N029.ae-none.answer-absent	cmd.N029.ae-none.answer-absent	stacks/gpt-webai-slot-pool	0	0	state.session.observed_failure	oracle.receipt.failure.provider.valid	session.observation.valid
29	download	exit_0	scroll.bottom_unverified	content_scroll_unverified	N029.ae-none.answer-present	ae.none	present_nonempty_validated	conversation_url	same_session	present_nonempty	artifactExpectation_absent_artifacts_absent	claim_not_started	none	none	event.prior.SessionHydrated	visual_failure_reason	0	payload.N029.ae-none.answer-present	terminal.download_failure	visual_failure_reason	false	scroll.bottom_unverified	0	false	none	0	0	1	receipt.failure.provider	event.prior.SessionHydrated,event.ProviderDownloadObservationR12	session.observation.persist	legal.N029.ae-none.answer-present	cmd.N029.ae-none.answer-present	stacks/gpt-webai-slot-pool	0	0	state.session.observed_failure	oracle.receipt.failure.provider.valid	session.observation.valid
29	download	exit_0	scroll.bottom_unverified	content_scroll_unverified	N029.ae-optional.answer-absent	ae.optional	present_nonempty_validated	conversation_url	same_session	absent	artifactExpectation_absent_artifacts_absent	claim_not_started	none	none	event.prior.SessionHydrated	visual_failure_reason	0	payload.N029.ae-optional.answer-absent	terminal.download_failure	visual_failure_reason	false	scroll.bottom_unverified	0	false	none	0	0	1	receipt.failure.provider	event.prior.SessionHydrated,event.ProviderDownloadObservationR12	session.observation.persist	legal.N029.ae-optional.answer-absent	cmd.N029.ae-optional.answer-absent	stacks/gpt-webai-slot-pool	0	0	state.session.observed_failure	oracle.receipt.failure.provider.valid	session.observation.valid
29	download	exit_0	scroll.bottom_unverified	content_scroll_unverified	N029.ae-optional.answer-present	ae.optional	present_nonempty_validated	conversation_url	same_session	present_nonempty	artifactExpectation_absent_artifacts_absent	claim_not_started	none	none	event.prior.SessionHydrated	visual_failure_reason	0	payload.N029.ae-optional.answer-present	terminal.download_failure	visual_failure_reason	false	scroll.bottom_unverified	0	false	none	0	0	1	receipt.failure.provider	event.prior.SessionHydrated,event.ProviderDownloadObservationR12	session.observation.persist	legal.N029.ae-optional.answer-present	cmd.N029.ae-optional.answer-present	stacks/gpt-webai-slot-pool	0	0	state.session.observed_failure	oracle.receipt.failure.provider.valid	session.observation.valid
29	download	exit_0	scroll.bottom_unverified	content_scroll_unverified	N029.ae-required.answer-absent	ae.required	present_nonempty_validated	conversation_url	same_session	absent	artifactExpectation_absent_artifacts_absent	claim_not_started	none	none	event.prior.SessionHydrated	visual_failure_reason	0	payload.N029.ae-required.answer-absent	terminal.download_failure	visual_failure_reason	false	scroll.bottom_unverified	0	false	none	0	0	1	receipt.failure.provider	event.prior.SessionHydrated,event.ProviderDownloadObservationR12	session.observation.persist	legal.N029.ae-required.answer-absent	cmd.N029.ae-required.answer-absent	stacks/gpt-webai-slot-pool	0	0	state.session.observed_failure	oracle.receipt.failure.provider.valid	session.observation.valid
29	download	exit_0	scroll.bottom_unverified	content_scroll_unverified	N029.ae-required.answer-present	ae.required	present_nonempty_validated	conversation_url	same_session	present_nonempty	artifactExpectation_absent_artifacts_absent	claim_not_started	none	none	event.prior.SessionHydrated	visual_failure_reason	0	payload.N029.ae-required.answer-present	terminal.download_failure	visual_failure_reason	false	scroll.bottom_unverified	0	false	none	0	0	1	receipt.failure.provider	event.prior.SessionHydrated,event.ProviderDownloadObservationR12	session.observation.persist	legal.N029.ae-required.answer-present	cmd.N029.ae-required.answer-present	stacks/gpt-webai-slot-pool	0	0	state.session.observed_failure	oracle.receipt.failure.provider.valid	session.observation.valid
30	download	exit_0	scroll.bottom_unverified	postclick_scroll_unverified	N030.ae-claimed.artifact-empty	ae.claimed	present_nonempty_validated	conversation_url	same_session	absent	artifactExpectation_present_ae.claimed_artifacts_present_empty	claim_failed_postclick_scroll_unverified	none	receipt.prior.answer_terminal	event.prior.AnswerTerminal	visual_failure_reason	0	payload.N030.ae-claimed.artifact-empty	terminal.download_artifact_failure	visual_failure_reason	false	scroll.bottom_unverified	0	false	none	0	0	2	receipt.prior.answer_terminal,receipt.failure.provider	event.prior.AnswerTerminal,event.ProviderArtifactClaimEstablishedR12,event.ProviderArtifactControlsDiscoveredR12,event.ProviderArtifactDownloadAttemptConsumedR12,event.ProviderArtifactClaimFailedR12,event.ProviderTerminalPersistedR12	artifact.claim.failure.persist	legal.N030.ae-claimed.artifact-empty	cmd.N030.ae-claimed.artifact-empty	stacks/gpt-webai-slot-pool	0	0	state.session.artifact_claim_failed	oracle.receipt.prior.answer_terminal.valid,oracle.receipt.failure.provider.valid	artifact.failure.no_canonical_artifact.valid
30	download	exit_0	scroll.bottom_unverified	postclick_scroll_unverified	N030.ae-claimed.artifact-nonempty	ae.claimed	present_nonempty_validated	conversation_url	same_session	absent	artifactExpectation_present_ae.claimed_artifacts_present_nonempty_diagnostic	claim_failed_postclick_scroll_unverified	none	receipt.prior.answer_terminal	event.prior.AnswerTerminal	visual_failure_reason	0	payload.N030.ae-claimed.artifact-nonempty	terminal.download_artifact_failure	visual_failure_reason	false	scroll.bottom_unverified	0	false	none	0	0	2	receipt.prior.answer_terminal,receipt.failure.provider	event.prior.AnswerTerminal,event.ProviderArtifactClaimEstablishedR12,event.ProviderArtifactControlsDiscoveredR12,event.ProviderArtifactDownloadAttemptConsumedR12,event.ProviderArtifactClaimFailedR12,event.ProviderTerminalPersistedR12	artifact.claim.failure.persist	legal.N030.ae-claimed.artifact-nonempty	cmd.N030.ae-claimed.artifact-nonempty	stacks/gpt-webai-slot-pool	0	0	state.session.artifact_claim_failed	oracle.receipt.prior.answer_terminal.valid,oracle.receipt.failure.provider.valid	artifact.failure.no_canonical_artifact.valid
30	download	exit_0	scroll.bottom_unverified	postclick_scroll_unverified	N030.ae-none.artifact-empty	ae.none	present_nonempty_validated	conversation_url	same_session	absent	artifactExpectation_present_ae.none_artifacts_present_empty	claim_failed_postclick_scroll_unverified	none	receipt.prior.answer_terminal	event.prior.AnswerTerminal	visual_failure_reason	0	payload.N030.ae-none.artifact-empty	terminal.download_artifact_failure	visual_failure_reason	false	scroll.bottom_unverified	0	false	none	0	0	2	receipt.prior.answer_terminal,receipt.failure.provider	event.prior.AnswerTerminal,event.ProviderArtifactClaimEstablishedR12,event.ProviderArtifactControlsDiscoveredR12,event.ProviderArtifactDownloadAttemptConsumedR12,event.ProviderArtifactClaimFailedR12,event.ProviderTerminalPersistedR12	artifact.claim.failure.persist	legal.N030.ae-none.artifact-empty	cmd.N030.ae-none.artifact-empty	stacks/gpt-webai-slot-pool	0	0	state.session.artifact_claim_failed	oracle.receipt.prior.answer_terminal.valid,oracle.receipt.failure.provider.valid	artifact.failure.no_canonical_artifact.valid
30	download	exit_0	scroll.bottom_unverified	postclick_scroll_unverified	N030.ae-none.artifact-nonempty	ae.none	present_nonempty_validated	conversation_url	same_session	absent	artifactExpectation_present_ae.none_artifacts_present_nonempty_diagnostic	claim_failed_postclick_scroll_unverified	none	receipt.prior.answer_terminal	event.prior.AnswerTerminal	visual_failure_reason	0	payload.N030.ae-none.artifact-nonempty	terminal.download_artifact_failure	visual_failure_reason	false	scroll.bottom_unverified	0	false	none	0	0	2	receipt.prior.answer_terminal,receipt.failure.provider	event.prior.AnswerTerminal,event.ProviderArtifactClaimEstablishedR12,event.ProviderArtifactControlsDiscoveredR12,event.ProviderArtifactDownloadAttemptConsumedR12,event.ProviderArtifactClaimFailedR12,event.ProviderTerminalPersistedR12	artifact.claim.failure.persist	legal.N030.ae-none.artifact-nonempty	cmd.N030.ae-none.artifact-nonempty	stacks/gpt-webai-slot-pool	0	0	state.session.artifact_claim_failed	oracle.receipt.prior.answer_terminal.valid,oracle.receipt.failure.provider.valid	artifact.failure.no_canonical_artifact.valid
30	download	exit_0	scroll.bottom_unverified	postclick_scroll_unverified	N030.ae-optional.artifact-empty	ae.optional	present_nonempty_validated	conversation_url	same_session	absent	artifactExpectation_present_ae.optional_artifacts_present_empty	claim_failed_postclick_scroll_unverified	none	receipt.prior.answer_terminal	event.prior.AnswerTerminal	visual_failure_reason	0	payload.N030.ae-optional.artifact-empty	terminal.download_artifact_failure	visual_failure_reason	false	scroll.bottom_unverified	0	false	none	0	0	2	receipt.prior.answer_terminal,receipt.failure.provider	event.prior.AnswerTerminal,event.ProviderArtifactClaimEstablishedR12,event.ProviderArtifactControlsDiscoveredR12,event.ProviderArtifactDownloadAttemptConsumedR12,event.ProviderArtifactClaimFailedR12,event.ProviderTerminalPersistedR12	artifact.claim.failure.persist	legal.N030.ae-optional.artifact-empty	cmd.N030.ae-optional.artifact-empty	stacks/gpt-webai-slot-pool	0	0	state.session.artifact_claim_failed	oracle.receipt.prior.answer_terminal.valid,oracle.receipt.failure.provider.valid	artifact.failure.no_canonical_artifact.valid
30	download	exit_0	scroll.bottom_unverified	postclick_scroll_unverified	N030.ae-optional.artifact-nonempty	ae.optional	present_nonempty_validated	conversation_url	same_session	absent	artifactExpectation_present_ae.optional_artifacts_present_nonempty_diagnostic	claim_failed_postclick_scroll_unverified	none	receipt.prior.answer_terminal	event.prior.AnswerTerminal	visual_failure_reason	0	payload.N030.ae-optional.artifact-nonempty	terminal.download_artifact_failure	visual_failure_reason	false	scroll.bottom_unverified	0	false	none	0	0	2	receipt.prior.answer_terminal,receipt.failure.provider	event.prior.AnswerTerminal,event.ProviderArtifactClaimEstablishedR12,event.ProviderArtifactControlsDiscoveredR12,event.ProviderArtifactDownloadAttemptConsumedR12,event.ProviderArtifactClaimFailedR12,event.ProviderTerminalPersistedR12	artifact.claim.failure.persist	legal.N030.ae-optional.artifact-nonempty	cmd.N030.ae-optional.artifact-nonempty	stacks/gpt-webai-slot-pool	0	0	state.session.artifact_claim_failed	oracle.receipt.prior.answer_terminal.valid,oracle.receipt.failure.provider.valid	artifact.failure.no_canonical_artifact.valid
30	download	exit_0	scroll.bottom_unverified	postclick_scroll_unverified	N030.ae-required.artifact-empty	ae.required	present_nonempty_validated	conversation_url	same_session	absent	artifactExpectation_present_ae.required_artifacts_present_empty	claim_failed_postclick_scroll_unverified	none	receipt.prior.answer_terminal	event.prior.AnswerTerminal	visual_failure_reason	0	payload.N030.ae-required.artifact-empty	terminal.download_artifact_failure	visual_failure_reason	false	scroll.bottom_unverified	0	false	none	0	0	2	receipt.prior.answer_terminal,receipt.failure.provider	event.prior.AnswerTerminal,event.ProviderArtifactClaimEstablishedR12,event.ProviderArtifactControlsDiscoveredR12,event.ProviderArtifactDownloadAttemptConsumedR12,event.ProviderArtifactClaimFailedR12,event.ProviderTerminalPersistedR12	artifact.claim.failure.persist	legal.N030.ae-required.artifact-empty	cmd.N030.ae-required.artifact-empty	stacks/gpt-webai-slot-pool	0	0	state.session.artifact_claim_failed	oracle.receipt.prior.answer_terminal.valid,oracle.receipt.failure.provider.valid	artifact.failure.no_canonical_artifact.valid
30	download	exit_0	scroll.bottom_unverified	postclick_scroll_unverified	N030.ae-required.artifact-nonempty	ae.required	present_nonempty_validated	conversation_url	same_session	absent	artifactExpectation_present_ae.required_artifacts_present_nonempty_diagnostic	claim_failed_postclick_scroll_unverified	none	receipt.prior.answer_terminal	event.prior.AnswerTerminal	visual_failure_reason	0	payload.N030.ae-required.artifact-nonempty	terminal.download_artifact_failure	visual_failure_reason	false	scroll.bottom_unverified	0	false	none	0	0	2	receipt.prior.answer_terminal,receipt.failure.provider	event.prior.AnswerTerminal,event.ProviderArtifactClaimEstablishedR12,event.ProviderArtifactControlsDiscoveredR12,event.ProviderArtifactDownloadAttemptConsumedR12,event.ProviderArtifactClaimFailedR12,event.ProviderTerminalPersistedR12	artifact.claim.failure.persist	legal.N030.ae-required.artifact-nonempty	cmd.N030.ae-required.artifact-nonempty	stacks/gpt-webai-slot-pool	0	0	state.session.artifact_claim_failed	oracle.receipt.prior.answer_terminal.valid,oracle.receipt.failure.provider.valid	artifact.failure.no_canonical_artifact.valid
31	download	exit_0	scroll.bottom_unverified	preclick_scroll_unverified	N031.ae-claimed	ae.claimed	present_nonempty_validated	conversation_url	same_session	absent	artifactExpectation_absent_artifacts_absent	claim_not_started	none	none	event.prior.SessionHydrated	visual_failure_reason	0	payload.N031.ae-claimed	terminal.download_failure	visual_failure_reason	false	scroll.bottom_unverified	0	false	none	0	0	1	receipt.failure.provider	event.prior.SessionHydrated,event.ProviderDownloadObservationR12	session.observation.persist	legal.N031.ae-claimed	cmd.N031.ae-claimed	stacks/gpt-webai-slot-pool	0	0	state.session.observed_failure	oracle.receipt.failure.provider.valid	session.observation.valid
31	download	exit_0	scroll.bottom_unverified	preclick_scroll_unverified	N031.ae-none	ae.none	present_nonempty_validated	conversation_url	same_session	absent	artifactExpectation_absent_artifacts_absent	claim_not_started	none	none	event.prior.SessionHydrated	visual_failure_reason	0	payload.N031.ae-none	terminal.download_failure	visual_failure_reason	false	scroll.bottom_unverified	0	false	none	0	0	1	receipt.failure.provider	event.prior.SessionHydrated,event.ProviderDownloadObservationR12	session.observation.persist	legal.N031.ae-none	cmd.N031.ae-none	stacks/gpt-webai-slot-pool	0	0	state.session.observed_failure	oracle.receipt.failure.provider.valid	session.observation.valid
31	download	exit_0	scroll.bottom_unverified	preclick_scroll_unverified	N031.ae-optional	ae.optional	present_nonempty_validated	conversation_url	same_session	absent	artifactExpectation_absent_artifacts_absent	claim_not_started	none	none	event.prior.SessionHydrated	visual_failure_reason	0	payload.N031.ae-optional	terminal.download_failure	visual_failure_reason	false	scroll.bottom_unverified	0	false	none	0	0	1	receipt.failure.provider	event.prior.SessionHydrated,event.ProviderDownloadObservationR12	session.observation.persist	legal.N031.ae-optional	cmd.N031.ae-optional	stacks/gpt-webai-slot-pool	0	0	state.session.observed_failure	oracle.receipt.failure.provider.valid	session.observation.valid
31	download	exit_0	scroll.bottom_unverified	preclick_scroll_unverified	N031.ae-required	ae.required	present_nonempty_validated	conversation_url	same_session	absent	artifactExpectation_absent_artifacts_absent	claim_not_started	none	none	event.prior.SessionHydrated	visual_failure_reason	0	payload.N031.ae-required	terminal.download_failure	visual_failure_reason	false	scroll.bottom_unverified	0	false	none	0	0	1	receipt.failure.provider	event.prior.SessionHydrated,event.ProviderDownloadObservationR12	session.observation.persist	legal.N031.ae-required	cmd.N031.ae-required	stacks/gpt-webai-slot-pool	0	0	state.session.observed_failure	oracle.receipt.failure.provider.valid	session.observation.valid
32	download	exit_0	session.content_unavailable	content_unavailable	N032.ae-claimed	ae.claimed	present_nonempty_validated	conversation_url	same_session	absent	artifactExpectation_absent_artifacts_absent	claim_not_started	none	none	event.prior.SessionHydrated	session.content_unavailable	0	payload.N032.ae-claimed	terminal.download_failure	session.content_unavailable	false	session.content_unavailable	0	false	none	0	0	1	receipt.failure.provider	event.prior.SessionHydrated,event.ProviderDownloadObservationR12	session.observation.persist	legal.N032.ae-claimed	cmd.N032.ae-claimed	stacks/gpt-webai-slot-pool	0	0	state.session.observed_failure	oracle.receipt.failure.provider.valid	session.observation.valid
32	download	exit_0	session.content_unavailable	content_unavailable	N032.ae-none	ae.none	present_nonempty_validated	conversation_url	same_session	absent	artifactExpectation_absent_artifacts_absent	claim_not_started	none	none	event.prior.SessionHydrated	session.content_unavailable	0	payload.N032.ae-none	terminal.download_failure	session.content_unavailable	false	session.content_unavailable	0	false	none	0	0	1	receipt.failure.provider	event.prior.SessionHydrated,event.ProviderDownloadObservationR12	session.observation.persist	legal.N032.ae-none	cmd.N032.ae-none	stacks/gpt-webai-slot-pool	0	0	state.session.observed_failure	oracle.receipt.failure.provider.valid	session.observation.valid
32	download	exit_0	session.content_unavailable	content_unavailable	N032.ae-optional	ae.optional	present_nonempty_validated	conversation_url	same_session	absent	artifactExpectation_absent_artifacts_absent	claim_not_started	none	none	event.prior.SessionHydrated	session.content_unavailable	0	payload.N032.ae-optional	terminal.download_failure	session.content_unavailable	false	session.content_unavailable	0	false	none	0	0	1	receipt.failure.provider	event.prior.SessionHydrated,event.ProviderDownloadObservationR12	session.observation.persist	legal.N032.ae-optional	cmd.N032.ae-optional	stacks/gpt-webai-slot-pool	0	0	state.session.observed_failure	oracle.receipt.failure.provider.valid	session.observation.valid
32	download	exit_0	session.content_unavailable	content_unavailable	N032.ae-required	ae.required	present_nonempty_validated	conversation_url	same_session	absent	artifactExpectation_absent_artifacts_absent	claim_not_started	none	none	event.prior.SessionHydrated	session.content_unavailable	0	payload.N032.ae-required	terminal.download_failure	session.content_unavailable	false	session.content_unavailable	0	false	none	0	0	1	receipt.failure.provider	event.prior.SessionHydrated,event.ProviderDownloadObservationR12	session.observation.persist	legal.N032.ae-required	cmd.N032.ae-required	stacks/gpt-webai-slot-pool	0	0	state.session.observed_failure	oracle.receipt.failure.provider.valid	session.observation.valid
33	download	exit_0	session.start_unconfirmed	root_url_unconfirmed	N033.ae-claimed	ae.claimed	present_nonempty_unaccepted	root_url	root_no_session	absent	artifactExpectation_absent_artifacts_absent	claim_not_started	none	none	event.prior.SessionRebindStarted	session.start_unconfirmed	0	payload.N033.ae-claimed	terminal.download_failure	session.start_unconfirmed	false	session.start_unconfirmed	0	false	none	0	0	1	receipt.failure.provider	event.prior.SessionRebindStarted,event.ProviderSessionUrlRejectedR12	session.rejected_observation.persist	legal.N033.ae-claimed	cmd.N033.ae-claimed	stacks/gpt-webai-slot-pool	0	0	state.session.rejected_observation	oracle.receipt.failure.provider.valid	session.rejected_observation.valid
33	download	exit_0	session.start_unconfirmed	root_url_unconfirmed	N033.ae-none	ae.none	present_nonempty_unaccepted	root_url	root_no_session	absent	artifactExpectation_absent_artifacts_absent	claim_not_started	none	none	event.prior.SessionRebindStarted	session.start_unconfirmed	0	payload.N033.ae-none	terminal.download_failure	session.start_unconfirmed	false	session.start_unconfirmed	0	false	none	0	0	1	receipt.failure.provider	event.prior.SessionRebindStarted,event.ProviderSessionUrlRejectedR12	session.rejected_observation.persist	legal.N033.ae-none	cmd.N033.ae-none	stacks/gpt-webai-slot-pool	0	0	state.session.rejected_observation	oracle.receipt.failure.provider.valid	session.rejected_observation.valid
33	download	exit_0	session.start_unconfirmed	root_url_unconfirmed	N033.ae-optional	ae.optional	present_nonempty_unaccepted	root_url	root_no_session	absent	artifactExpectation_absent_artifacts_absent	claim_not_started	none	none	event.prior.SessionRebindStarted	session.start_unconfirmed	0	payload.N033.ae-optional	terminal.download_failure	session.start_unconfirmed	false	session.start_unconfirmed	0	false	none	0	0	1	receipt.failure.provider	event.prior.SessionRebindStarted,event.ProviderSessionUrlRejectedR12	session.rejected_observation.persist	legal.N033.ae-optional	cmd.N033.ae-optional	stacks/gpt-webai-slot-pool	0	0	state.session.rejected_observation	oracle.receipt.failure.provider.valid	session.rejected_observation.valid
33	download	exit_0	session.start_unconfirmed	root_url_unconfirmed	N033.ae-required	ae.required	present_nonempty_unaccepted	root_url	root_no_session	absent	artifactExpectation_absent_artifacts_absent	claim_not_started	none	none	event.prior.SessionRebindStarted	session.start_unconfirmed	0	payload.N033.ae-required	terminal.download_failure	session.start_unconfirmed	false	session.start_unconfirmed	0	false	none	0	0	1	receipt.failure.provider	event.prior.SessionRebindStarted,event.ProviderSessionUrlRejectedR12	session.rejected_observation.persist	legal.N033.ae-required	cmd.N033.ae-required	stacks/gpt-webai-slot-pool	0	0	state.session.rejected_observation	oracle.receipt.failure.provider.valid	session.rejected_observation.valid
34	download	exit_0	session.start_unconfirmed	session_url_mismatch	N034.ae-claimed	ae.claimed	present_nonempty_unaccepted	conversation_url	different_session	absent	artifactExpectation_absent_artifacts_absent	claim_not_started	none	none	event.prior.SessionRebindStarted	session.url_mismatch	0	payload.N034.ae-claimed	terminal.download_failure	session.url_mismatch	false	session.start_unconfirmed	0	false	none	0	0	1	receipt.failure.provider	event.prior.SessionRebindStarted,event.ProviderSessionUrlRejectedR12	session.rejected_observation.persist	legal.N034.ae-claimed	cmd.N034.ae-claimed	stacks/gpt-webai-slot-pool	0	0	state.session.rejected_observation	oracle.receipt.failure.provider.valid	session.rejected_observation.valid
34	download	exit_0	session.start_unconfirmed	session_url_mismatch	N034.ae-none	ae.none	present_nonempty_unaccepted	conversation_url	different_session	absent	artifactExpectation_absent_artifacts_absent	claim_not_started	none	none	event.prior.SessionRebindStarted	session.url_mismatch	0	payload.N034.ae-none	terminal.download_failure	session.url_mismatch	false	session.start_unconfirmed	0	false	none	0	0	1	receipt.failure.provider	event.prior.SessionRebindStarted,event.ProviderSessionUrlRejectedR12	session.rejected_observation.persist	legal.N034.ae-none	cmd.N034.ae-none	stacks/gpt-webai-slot-pool	0	0	state.session.rejected_observation	oracle.receipt.failure.provider.valid	session.rejected_observation.valid
34	download	exit_0	session.start_unconfirmed	session_url_mismatch	N034.ae-optional	ae.optional	present_nonempty_unaccepted	conversation_url	different_session	absent	artifactExpectation_absent_artifacts_absent	claim_not_started	none	none	event.prior.SessionRebindStarted	session.url_mismatch	0	payload.N034.ae-optional	terminal.download_failure	session.url_mismatch	false	session.start_unconfirmed	0	false	none	0	0	1	receipt.failure.provider	event.prior.SessionRebindStarted,event.ProviderSessionUrlRejectedR12	session.rejected_observation.persist	legal.N034.ae-optional	cmd.N034.ae-optional	stacks/gpt-webai-slot-pool	0	0	state.session.rejected_observation	oracle.receipt.failure.provider.valid	session.rejected_observation.valid
34	download	exit_0	session.start_unconfirmed	session_url_mismatch	N034.ae-required	ae.required	present_nonempty_unaccepted	conversation_url	different_session	absent	artifactExpectation_absent_artifacts_absent	claim_not_started	none	none	event.prior.SessionRebindStarted	session.url_mismatch	0	payload.N034.ae-required	terminal.download_failure	session.url_mismatch	false	session.start_unconfirmed	0	false	none	0	0	1	receipt.failure.provider	event.prior.SessionRebindStarted,event.ProviderSessionUrlRejectedR12	session.rejected_observation.persist	legal.N034.ae-required	cmd.N034.ae-required	stacks/gpt-webai-slot-pool	0	0	state.session.rejected_observation	oracle.receipt.failure.provider.valid	session.rejected_observation.valid
35	download	exit_2	provider.schema_drift	missing_session	N035.ae-claimed	ae.claimed	absent	none	none	absent	artifactExpectation_absent_artifacts_absent	claim_not_started	none	none	none	provider.schema_drift	2	payload.N035.ae-claimed	terminal.download_failure	provider.schema_drift	false	provider.schema_drift	70	false	none	0	0	1	receipt.failure.provider	none	diagnostic.persist	legal.N035.ae-claimed	cmd.N035.ae-claimed	stacks/gpt-webai-slot-pool	2	70	state.unchanged	oracle.receipt.failure.provider.valid	diagnostic.no_artifact.valid
35	download	exit_2	provider.schema_drift	missing_session	N035.ae-none	ae.none	absent	none	none	absent	artifactExpectation_absent_artifacts_absent	claim_not_started	none	none	none	provider.schema_drift	2	payload.N035.ae-none	terminal.download_failure	provider.schema_drift	false	provider.schema_drift	70	false	none	0	0	1	receipt.failure.provider	none	diagnostic.persist	legal.N035.ae-none	cmd.N035.ae-none	stacks/gpt-webai-slot-pool	2	70	state.unchanged	oracle.receipt.failure.provider.valid	diagnostic.no_artifact.valid
35	download	exit_2	provider.schema_drift	missing_session	N035.ae-optional	ae.optional	absent	none	none	absent	artifactExpectation_absent_artifacts_absent	claim_not_started	none	none	none	provider.schema_drift	2	payload.N035.ae-optional	terminal.download_failure	provider.schema_drift	false	provider.schema_drift	70	false	none	0	0	1	receipt.failure.provider	none	diagnostic.persist	legal.N035.ae-optional	cmd.N035.ae-optional	stacks/gpt-webai-slot-pool	2	70	state.unchanged	oracle.receipt.failure.provider.valid	diagnostic.no_artifact.valid
35	download	exit_2	provider.schema_drift	missing_session	N035.ae-required	ae.required	absent	none	none	absent	artifactExpectation_absent_artifacts_absent	claim_not_started	none	none	none	provider.schema_drift	2	payload.N035.ae-required	terminal.download_failure	provider.schema_drift	false	provider.schema_drift	70	false	none	0	0	1	receipt.failure.provider	none	diagnostic.persist	legal.N035.ae-required	cmd.N035.ae-required	stacks/gpt-webai-slot-pool	2	70	state.unchanged	oracle.receipt.failure.provider.valid	diagnostic.no_artifact.valid
36	download	invocation_error	not_applicable	invocation_contract_invalid_artifact	N036.ae-claimed	ae.claimed	request_present_provider_payload_absent	none	none	none	none	claim_not_started	none	none	none	provider.contract.invalid_artifact	none	payload.N036.ae-claimed	terminal.invocation_failure	provider.contract.invalid_artifact	false	failed	70	false	none	0	0	1	receipt.failure.invocation	none	diagnostic.persist	legal.N036.ae-claimed	cmd.N036.ae-claimed	stacks/gpt-webai-slot-pool	none	70	state.unchanged	oracle.receipt.failure.invocation.valid	diagnostic.digest.valid
36	download	invocation_error	not_applicable	invocation_contract_invalid_artifact	N036.ae-none	ae.none	request_present_provider_payload_absent	none	none	none	none	claim_not_started	none	none	none	provider.contract.invalid_artifact	none	payload.N036.ae-none	terminal.invocation_failure	provider.contract.invalid_artifact	false	failed	70	false	none	0	0	1	receipt.failure.invocation	none	diagnostic.persist	legal.N036.ae-none	cmd.N036.ae-none	stacks/gpt-webai-slot-pool	none	70	state.unchanged	oracle.receipt.failure.invocation.valid	diagnostic.digest.valid
36	download	invocation_error	not_applicable	invocation_contract_invalid_artifact	N036.ae-optional	ae.optional	request_present_provider_payload_absent	none	none	none	none	claim_not_started	none	none	none	provider.contract.invalid_artifact	none	payload.N036.ae-optional	terminal.invocation_failure	provider.contract.invalid_artifact	false	failed	70	false	none	0	0	1	receipt.failure.invocation	none	diagnostic.persist	legal.N036.ae-optional	cmd.N036.ae-optional	stacks/gpt-webai-slot-pool	none	70	state.unchanged	oracle.receipt.failure.invocation.valid	diagnostic.digest.valid
36	download	invocation_error	not_applicable	invocation_contract_invalid_artifact	N036.ae-required	ae.required	request_present_provider_payload_absent	none	none	none	none	claim_not_started	none	none	none	provider.contract.invalid_artifact	none	payload.N036.ae-required	terminal.invocation_failure	provider.contract.invalid_artifact	false	failed	70	false	none	0	0	1	receipt.failure.invocation	none	diagnostic.persist	legal.N036.ae-required	cmd.N036.ae-required	stacks/gpt-webai-slot-pool	none	70	state.unchanged	oracle.receipt.failure.invocation.valid	diagnostic.digest.valid
37	download	invocation_error	not_applicable	invocation_contract_invalid_field	N037.ae-claimed	ae.claimed	request_present_provider_payload_absent	none	none	none	none	claim_not_started	none	none	none	provider.contract.invalid_field	none	payload.N037.ae-claimed	terminal.invocation_failure	provider.contract.invalid_field	false	failed	70	false	none	0	0	1	receipt.failure.invocation	none	diagnostic.persist	legal.N037.ae-claimed	cmd.N037.ae-claimed	stacks/gpt-webai-slot-pool	none	70	state.unchanged	oracle.receipt.failure.invocation.valid	diagnostic.digest.valid
37	download	invocation_error	not_applicable	invocation_contract_invalid_field	N037.ae-none	ae.none	request_present_provider_payload_absent	none	none	none	none	claim_not_started	none	none	none	provider.contract.invalid_field	none	payload.N037.ae-none	terminal.invocation_failure	provider.contract.invalid_field	false	failed	70	false	none	0	0	1	receipt.failure.invocation	none	diagnostic.persist	legal.N037.ae-none	cmd.N037.ae-none	stacks/gpt-webai-slot-pool	none	70	state.unchanged	oracle.receipt.failure.invocation.valid	diagnostic.digest.valid
37	download	invocation_error	not_applicable	invocation_contract_invalid_field	N037.ae-optional	ae.optional	request_present_provider_payload_absent	none	none	none	none	claim_not_started	none	none	none	provider.contract.invalid_field	none	payload.N037.ae-optional	terminal.invocation_failure	provider.contract.invalid_field	false	failed	70	false	none	0	0	1	receipt.failure.invocation	none	diagnostic.persist	legal.N037.ae-optional	cmd.N037.ae-optional	stacks/gpt-webai-slot-pool	none	70	state.unchanged	oracle.receipt.failure.invocation.valid	diagnostic.digest.valid
37	download	invocation_error	not_applicable	invocation_contract_invalid_field	N037.ae-required	ae.required	request_present_provider_payload_absent	none	none	none	none	claim_not_started	none	none	none	provider.contract.invalid_field	none	payload.N037.ae-required	terminal.invocation_failure	provider.contract.invalid_field	false	failed	70	false	none	0	0	1	receipt.failure.invocation	none	diagnostic.persist	legal.N037.ae-required	cmd.N037.ae-required	stacks/gpt-webai-slot-pool	none	70	state.unchanged	oracle.receipt.failure.invocation.valid	diagnostic.digest.valid
38	download	invocation_error	not_applicable	invocation_contract_not_object	N038.ae-claimed	ae.claimed	request_present_provider_payload_absent	none	none	none	none	claim_not_started	none	none	none	provider.contract.not_object	none	payload.N038.ae-claimed	terminal.invocation_failure	provider.contract.not_object	false	failed	70	false	none	0	0	1	receipt.failure.invocation	none	diagnostic.persist	legal.N038.ae-claimed	cmd.N038.ae-claimed	stacks/gpt-webai-slot-pool	none	70	state.unchanged	oracle.receipt.failure.invocation.valid	diagnostic.digest.valid
38	download	invocation_error	not_applicable	invocation_contract_not_object	N038.ae-none	ae.none	request_present_provider_payload_absent	none	none	none	none	claim_not_started	none	none	none	provider.contract.not_object	none	payload.N038.ae-none	terminal.invocation_failure	provider.contract.not_object	false	failed	70	false	none	0	0	1	receipt.failure.invocation	none	diagnostic.persist	legal.N038.ae-none	cmd.N038.ae-none	stacks/gpt-webai-slot-pool	none	70	state.unchanged	oracle.receipt.failure.invocation.valid	diagnostic.digest.valid
38	download	invocation_error	not_applicable	invocation_contract_not_object	N038.ae-optional	ae.optional	request_present_provider_payload_absent	none	none	none	none	claim_not_started	none	none	none	provider.contract.not_object	none	payload.N038.ae-optional	terminal.invocation_failure	provider.contract.not_object	false	failed	70	false	none	0	0	1	receipt.failure.invocation	none	diagnostic.persist	legal.N038.ae-optional	cmd.N038.ae-optional	stacks/gpt-webai-slot-pool	none	70	state.unchanged	oracle.receipt.failure.invocation.valid	diagnostic.digest.valid
38	download	invocation_error	not_applicable	invocation_contract_not_object	N038.ae-required	ae.required	request_present_provider_payload_absent	none	none	none	none	claim_not_started	none	none	none	provider.contract.not_object	none	payload.N038.ae-required	terminal.invocation_failure	provider.contract.not_object	false	failed	70	false	none	0	0	1	receipt.failure.invocation	none	diagnostic.persist	legal.N038.ae-required	cmd.N038.ae-required	stacks/gpt-webai-slot-pool	none	70	state.unchanged	oracle.receipt.failure.invocation.valid	diagnostic.digest.valid
39	download	invocation_error	not_applicable	invocation_contract_unknown_status	N039.ae-claimed	ae.claimed	request_present_provider_payload_absent	none	none	none	none	claim_not_started	none	none	none	provider.contract.unknown_status	none	payload.N039.ae-claimed	terminal.invocation_failure	provider.contract.unknown_status	false	failed	70	false	none	0	0	1	receipt.failure.invocation	none	diagnostic.persist	legal.N039.ae-claimed	cmd.N039.ae-claimed	stacks/gpt-webai-slot-pool	none	70	state.unchanged	oracle.receipt.failure.invocation.valid	diagnostic.digest.valid
39	download	invocation_error	not_applicable	invocation_contract_unknown_status	N039.ae-none	ae.none	request_present_provider_payload_absent	none	none	none	none	claim_not_started	none	none	none	provider.contract.unknown_status	none	payload.N039.ae-none	terminal.invocation_failure	provider.contract.unknown_status	false	failed	70	false	none	0	0	1	receipt.failure.invocation	none	diagnostic.persist	legal.N039.ae-none	cmd.N039.ae-none	stacks/gpt-webai-slot-pool	none	70	state.unchanged	oracle.receipt.failure.invocation.valid	diagnostic.digest.valid
39	download	invocation_error	not_applicable	invocation_contract_unknown_status	N039.ae-optional	ae.optional	request_present_provider_payload_absent	none	none	none	none	claim_not_started	none	none	none	provider.contract.unknown_status	none	payload.N039.ae-optional	terminal.invocation_failure	provider.contract.unknown_status	false	failed	70	false	none	0	0	1	receipt.failure.invocation	none	diagnostic.persist	legal.N039.ae-optional	cmd.N039.ae-optional	stacks/gpt-webai-slot-pool	none	70	state.unchanged	oracle.receipt.failure.invocation.valid	diagnostic.digest.valid
39	download	invocation_error	not_applicable	invocation_contract_unknown_status	N039.ae-required	ae.required	request_present_provider_payload_absent	none	none	none	none	claim_not_started	none	none	none	provider.contract.unknown_status	none	payload.N039.ae-required	terminal.invocation_failure	provider.contract.unknown_status	false	failed	70	false	none	0	0	1	receipt.failure.invocation	none	diagnostic.persist	legal.N039.ae-required	cmd.N039.ae-required	stacks/gpt-webai-slot-pool	none	70	state.unchanged	oracle.receipt.failure.invocation.valid	diagnostic.digest.valid
40	download	invocation_error	not_applicable	invocation_invalid_json	N040.ae-claimed	ae.claimed	request_present_provider_payload_absent	none	none	none	none	claim_not_started	none	none	none	provider.invalid_json	none	payload.N040.ae-claimed	terminal.invocation_failure	provider.invalid_json	false	failed	70	false	none	0	0	1	receipt.failure.invocation	none	diagnostic.persist	legal.N040.ae-claimed	cmd.N040.ae-claimed	stacks/gpt-webai-slot-pool	none	70	state.unchanged	oracle.receipt.failure.invocation.valid	diagnostic.digest.valid
40	download	invocation_error	not_applicable	invocation_invalid_json	N040.ae-none	ae.none	request_present_provider_payload_absent	none	none	none	none	claim_not_started	none	none	none	provider.invalid_json	none	payload.N040.ae-none	terminal.invocation_failure	provider.invalid_json	false	failed	70	false	none	0	0	1	receipt.failure.invocation	none	diagnostic.persist	legal.N040.ae-none	cmd.N040.ae-none	stacks/gpt-webai-slot-pool	none	70	state.unchanged	oracle.receipt.failure.invocation.valid	diagnostic.digest.valid
40	download	invocation_error	not_applicable	invocation_invalid_json	N040.ae-optional	ae.optional	request_present_provider_payload_absent	none	none	none	none	claim_not_started	none	none	none	provider.invalid_json	none	payload.N040.ae-optional	terminal.invocation_failure	provider.invalid_json	false	failed	70	false	none	0	0	1	receipt.failure.invocation	none	diagnostic.persist	legal.N040.ae-optional	cmd.N040.ae-optional	stacks/gpt-webai-slot-pool	none	70	state.unchanged	oracle.receipt.failure.invocation.valid	diagnostic.digest.valid
40	download	invocation_error	not_applicable	invocation_invalid_json	N040.ae-required	ae.required	request_present_provider_payload_absent	none	none	none	none	claim_not_started	none	none	none	provider.invalid_json	none	payload.N040.ae-required	terminal.invocation_failure	provider.invalid_json	false	failed	70	false	none	0	0	1	receipt.failure.invocation	none	diagnostic.persist	legal.N040.ae-required	cmd.N040.ae-required	stacks/gpt-webai-slot-pool	none	70	state.unchanged	oracle.receipt.failure.invocation.valid	diagnostic.digest.valid
41	download	invocation_error	not_applicable	invocation_io_error	N041.ae-claimed	ae.claimed	request_present_provider_payload_absent	none	none	none	none	claim_not_started	none	none	none	provider.io_error	none	payload.N041.ae-claimed	terminal.invocation_failure	provider.io_error	false	failed	70	false	none	0	0	1	receipt.failure.invocation	none	diagnostic.persist	legal.N041.ae-claimed	cmd.N041.ae-claimed	stacks/gpt-webai-slot-pool	none	70	state.unchanged	oracle.receipt.failure.invocation.valid	diagnostic.digest.valid
41	download	invocation_error	not_applicable	invocation_io_error	N041.ae-none	ae.none	request_present_provider_payload_absent	none	none	none	none	claim_not_started	none	none	none	provider.io_error	none	payload.N041.ae-none	terminal.invocation_failure	provider.io_error	false	failed	70	false	none	0	0	1	receipt.failure.invocation	none	diagnostic.persist	legal.N041.ae-none	cmd.N041.ae-none	stacks/gpt-webai-slot-pool	none	70	state.unchanged	oracle.receipt.failure.invocation.valid	diagnostic.digest.valid
41	download	invocation_error	not_applicable	invocation_io_error	N041.ae-optional	ae.optional	request_present_provider_payload_absent	none	none	none	none	claim_not_started	none	none	none	provider.io_error	none	payload.N041.ae-optional	terminal.invocation_failure	provider.io_error	false	failed	70	false	none	0	0	1	receipt.failure.invocation	none	diagnostic.persist	legal.N041.ae-optional	cmd.N041.ae-optional	stacks/gpt-webai-slot-pool	none	70	state.unchanged	oracle.receipt.failure.invocation.valid	diagnostic.digest.valid
41	download	invocation_error	not_applicable	invocation_io_error	N041.ae-required	ae.required	request_present_provider_payload_absent	none	none	none	none	claim_not_started	none	none	none	provider.io_error	none	payload.N041.ae-required	terminal.invocation_failure	provider.io_error	false	failed	70	false	none	0	0	1	receipt.failure.invocation	none	diagnostic.persist	legal.N041.ae-required	cmd.N041.ae-required	stacks/gpt-webai-slot-pool	none	70	state.unchanged	oracle.receipt.failure.invocation.valid	diagnostic.digest.valid
42	download	invocation_error	not_applicable	invocation_stderr_too_large	N042.ae-claimed	ae.claimed	request_present_provider_payload_absent	none	none	none	none	claim_not_started	none	none	none	provider.stderr_too_large	none	payload.N042.ae-claimed	terminal.invocation_failure	provider.stderr_too_large	false	failed	70	false	none	0	0	1	receipt.failure.invocation	none	diagnostic.persist	legal.N042.ae-claimed	cmd.N042.ae-claimed	stacks/gpt-webai-slot-pool	none	70	state.unchanged	oracle.receipt.failure.invocation.valid	diagnostic.digest.valid
42	download	invocation_error	not_applicable	invocation_stderr_too_large	N042.ae-none	ae.none	request_present_provider_payload_absent	none	none	none	none	claim_not_started	none	none	none	provider.stderr_too_large	none	payload.N042.ae-none	terminal.invocation_failure	provider.stderr_too_large	false	failed	70	false	none	0	0	1	receipt.failure.invocation	none	diagnostic.persist	legal.N042.ae-none	cmd.N042.ae-none	stacks/gpt-webai-slot-pool	none	70	state.unchanged	oracle.receipt.failure.invocation.valid	diagnostic.digest.valid
42	download	invocation_error	not_applicable	invocation_stderr_too_large	N042.ae-optional	ae.optional	request_present_provider_payload_absent	none	none	none	none	claim_not_started	none	none	none	provider.stderr_too_large	none	payload.N042.ae-optional	terminal.invocation_failure	provider.stderr_too_large	false	failed	70	false	none	0	0	1	receipt.failure.invocation	none	diagnostic.persist	legal.N042.ae-optional	cmd.N042.ae-optional	stacks/gpt-webai-slot-pool	none	70	state.unchanged	oracle.receipt.failure.invocation.valid	diagnostic.digest.valid
42	download	invocation_error	not_applicable	invocation_stderr_too_large	N042.ae-required	ae.required	request_present_provider_payload_absent	none	none	none	none	claim_not_started	none	none	none	provider.stderr_too_large	none	payload.N042.ae-required	terminal.invocation_failure	provider.stderr_too_large	false	failed	70	false	none	0	0	1	receipt.failure.invocation	none	diagnostic.persist	legal.N042.ae-required	cmd.N042.ae-required	stacks/gpt-webai-slot-pool	none	70	state.unchanged	oracle.receipt.failure.invocation.valid	diagnostic.digest.valid
43	download	invocation_error	not_applicable	invocation_stdout_too_large	N043.ae-claimed	ae.claimed	request_present_provider_payload_absent	none	none	none	none	claim_not_started	none	none	none	provider.stdout_too_large	none	payload.N043.ae-claimed	terminal.invocation_failure	provider.stdout_too_large	false	failed	70	false	none	0	0	1	receipt.failure.invocation	none	diagnostic.persist	legal.N043.ae-claimed	cmd.N043.ae-claimed	stacks/gpt-webai-slot-pool	none	70	state.unchanged	oracle.receipt.failure.invocation.valid	diagnostic.digest.valid
43	download	invocation_error	not_applicable	invocation_stdout_too_large	N043.ae-none	ae.none	request_present_provider_payload_absent	none	none	none	none	claim_not_started	none	none	none	provider.stdout_too_large	none	payload.N043.ae-none	terminal.invocation_failure	provider.stdout_too_large	false	failed	70	false	none	0	0	1	receipt.failure.invocation	none	diagnostic.persist	legal.N043.ae-none	cmd.N043.ae-none	stacks/gpt-webai-slot-pool	none	70	state.unchanged	oracle.receipt.failure.invocation.valid	diagnostic.digest.valid
43	download	invocation_error	not_applicable	invocation_stdout_too_large	N043.ae-optional	ae.optional	request_present_provider_payload_absent	none	none	none	none	claim_not_started	none	none	none	provider.stdout_too_large	none	payload.N043.ae-optional	terminal.invocation_failure	provider.stdout_too_large	false	failed	70	false	none	0	0	1	receipt.failure.invocation	none	diagnostic.persist	legal.N043.ae-optional	cmd.N043.ae-optional	stacks/gpt-webai-slot-pool	none	70	state.unchanged	oracle.receipt.failure.invocation.valid	diagnostic.digest.valid
43	download	invocation_error	not_applicable	invocation_stdout_too_large	N043.ae-required	ae.required	request_present_provider_payload_absent	none	none	none	none	claim_not_started	none	none	none	provider.stdout_too_large	none	payload.N043.ae-required	terminal.invocation_failure	provider.stdout_too_large	false	failed	70	false	none	0	0	1	receipt.failure.invocation	none	diagnostic.persist	legal.N043.ae-required	cmd.N043.ae-required	stacks/gpt-webai-slot-pool	none	70	state.unchanged	oracle.receipt.failure.invocation.valid	diagnostic.digest.valid
44	download	invocation_error	not_applicable	invocation_timeout	N044.ae-claimed	ae.claimed	request_present_provider_payload_absent	none	none	none	none	claim_not_started	none	none	none	provider.timeout	none	payload.N044.ae-claimed	terminal.invocation_failure	provider.timeout	false	failed	70	false	none	0	0	1	receipt.failure.invocation	none	diagnostic.persist	legal.N044.ae-claimed	cmd.N044.ae-claimed	stacks/gpt-webai-slot-pool	none	70	state.unchanged	oracle.receipt.failure.invocation.valid	diagnostic.digest.valid
44	download	invocation_error	not_applicable	invocation_timeout	N044.ae-none	ae.none	request_present_provider_payload_absent	none	none	none	none	claim_not_started	none	none	none	provider.timeout	none	payload.N044.ae-none	terminal.invocation_failure	provider.timeout	false	failed	70	false	none	0	0	1	receipt.failure.invocation	none	diagnostic.persist	legal.N044.ae-none	cmd.N044.ae-none	stacks/gpt-webai-slot-pool	none	70	state.unchanged	oracle.receipt.failure.invocation.valid	diagnostic.digest.valid
44	download	invocation_error	not_applicable	invocation_timeout	N044.ae-optional	ae.optional	request_present_provider_payload_absent	none	none	none	none	claim_not_started	none	none	none	provider.timeout	none	payload.N044.ae-optional	terminal.invocation_failure	provider.timeout	false	failed	70	false	none	0	0	1	receipt.failure.invocation	none	diagnostic.persist	legal.N044.ae-optional	cmd.N044.ae-optional	stacks/gpt-webai-slot-pool	none	70	state.unchanged	oracle.receipt.failure.invocation.valid	diagnostic.digest.valid
44	download	invocation_error	not_applicable	invocation_timeout	N044.ae-required	ae.required	request_present_provider_payload_absent	none	none	none	none	claim_not_started	none	none	none	provider.timeout	none	payload.N044.ae-required	terminal.invocation_failure	provider.timeout	false	failed	70	false	none	0	0	1	receipt.failure.invocation	none	diagnostic.persist	legal.N044.ae-required	cmd.N044.ae-required	stacks/gpt-webai-slot-pool	none	70	state.unchanged	oracle.receipt.failure.invocation.valid	diagnostic.digest.valid
45	poll	exit_0	artifact.controls_absent	artifact_controls_absent	N045.ae-claimed	ae.claimed	present_nonempty_validated	conversation_url	same_session	present_nonempty	artifactExpectation_present_ae.claimed_artifacts_present_empty	claim_failed_controls_absent	none	none	event.prior.PollStarted	artifact.controls_absent	0	payload.N045.ae-claimed	terminal.poll_terminal_artifact_failure	artifact.controls_absent	false	artifact.controls_absent	0	false	none	0	0	2	receipt.answer.poll_terminal,receipt.failure.provider	event.prior.PollStarted,event.ProviderAnswerTerminalR12,event.ProviderArtifactClaimEstablishedR12,event.ProviderArtifactControlsAbsentR12,event.ProviderArtifactClaimFailedR12,event.ProviderTerminalPersistedR12	answer.terminal.no_artifact.persist	legal.N045.ae-claimed	cmd.N045.ae-claimed	stacks/gpt-webai-slot-pool	0	0	state.request.terminal.artifact_failed	oracle.receipt.answer.poll_terminal.valid,oracle.receipt.failure.provider.valid	answer.terminal.no_artifact.valid
45	poll	exit_0	artifact.controls_absent	artifact_controls_absent	N045.ae-optional	ae.optional	present_nonempty_validated	conversation_url	same_session	present_nonempty	artifactExpectation_present_ae.optional_artifacts_present_empty	claim_failed_controls_absent	none	none	event.prior.PollStarted	artifact.controls_absent	0	payload.N045.ae-optional	terminal.poll_terminal_artifact_failure	artifact.controls_absent	false	artifact.controls_absent	0	false	none	0	0	2	receipt.answer.poll_terminal,receipt.failure.provider	event.prior.PollStarted,event.ProviderAnswerTerminalR12,event.ProviderArtifactClaimEstablishedR12,event.ProviderArtifactControlsAbsentR12,event.ProviderArtifactClaimFailedR12,event.ProviderTerminalPersistedR12	answer.terminal.no_artifact.persist	legal.N045.ae-optional	cmd.N045.ae-optional	stacks/gpt-webai-slot-pool	0	0	state.request.terminal.artifact_failed	oracle.receipt.answer.poll_terminal.valid,oracle.receipt.failure.provider.valid	answer.terminal.no_artifact.valid
45	poll	exit_0	artifact.controls_absent	artifact_controls_absent	N045.ae-required	ae.required	present_nonempty_validated	conversation_url	same_session	present_nonempty	artifactExpectation_present_ae.required_artifacts_present_empty	claim_failed_controls_absent	none	none	event.prior.PollStarted	artifact.controls_absent	0	payload.N045.ae-required	terminal.poll_terminal_artifact_failure	artifact.controls_absent	false	artifact.controls_absent	0	false	none	0	0	2	receipt.answer.poll_terminal,receipt.failure.provider	event.prior.PollStarted,event.ProviderAnswerTerminalR12,event.ProviderArtifactClaimEstablishedR12,event.ProviderArtifactControlsAbsentR12,event.ProviderArtifactClaimFailedR12,event.ProviderTerminalPersistedR12	answer.terminal.no_artifact.persist	legal.N045.ae-required	cmd.N045.ae-required	stacks/gpt-webai-slot-pool	0	0	state.request.terminal.artifact_failed	oracle.receipt.answer.poll_terminal.valid,oracle.receipt.failure.provider.valid	answer.terminal.no_artifact.valid
46	poll	exit_0	artifact.download_timeout	artifact_download_timeout	N046.ae-claimed.artifact-empty	ae.claimed	present_nonempty_validated	conversation_url	same_session	present_nonempty	artifactExpectation_present_ae.claimed_artifacts_present_empty	claim_failed_download_timeout	none	none	event.prior.PollStarted	artifact.download_timeout	0	payload.N046.ae-claimed.artifact-empty	terminal.poll_terminal_artifact_failure	artifact.download_timeout	false	artifact.download_timeout	0	false	none	0	0	2	receipt.answer.poll_terminal,receipt.failure.provider	event.prior.PollStarted,event.ProviderAnswerTerminalR12,event.ProviderArtifactClaimEstablishedR12,event.ProviderArtifactControlsDiscoveredR12,event.ProviderArtifactDownloadAttemptConsumedR12,event.ProviderArtifactClaimFailedR12,event.ProviderTerminalPersistedR12	answer.terminal.no_artifact.persist	legal.N046.ae-claimed.artifact-empty	cmd.N046.ae-claimed.artifact-empty	stacks/gpt-webai-slot-pool	0	0	state.request.terminal.artifact_failed	oracle.receipt.answer.poll_terminal.valid,oracle.receipt.failure.provider.valid	answer.terminal.no_artifact.valid
46	poll	exit_0	artifact.download_timeout	artifact_download_timeout	N046.ae-claimed.artifact-nonempty	ae.claimed	present_nonempty_validated	conversation_url	same_session	present_nonempty	artifactExpectation_present_ae.claimed_artifacts_present_nonempty_diagnostic	claim_failed_download_timeout	none	none	event.prior.PollStarted	artifact.download_timeout	0	payload.N046.ae-claimed.artifact-nonempty	terminal.poll_terminal_artifact_failure	artifact.download_timeout	false	artifact.download_timeout	0	false	none	0	0	2	receipt.answer.poll_terminal,receipt.failure.provider	event.prior.PollStarted,event.ProviderAnswerTerminalR12,event.ProviderArtifactClaimEstablishedR12,event.ProviderArtifactControlsDiscoveredR12,event.ProviderArtifactDownloadAttemptConsumedR12,event.ProviderArtifactClaimFailedR12,event.ProviderTerminalPersistedR12	answer.terminal.no_artifact.persist	legal.N046.ae-claimed.artifact-nonempty	cmd.N046.ae-claimed.artifact-nonempty	stacks/gpt-webai-slot-pool	0	0	state.request.terminal.artifact_failed	oracle.receipt.answer.poll_terminal.valid,oracle.receipt.failure.provider.valid	answer.terminal.no_artifact.valid
46	poll	exit_0	artifact.download_timeout	artifact_download_timeout	N046.ae-none.artifact-empty	ae.none	present_nonempty_validated	conversation_url	same_session	present_nonempty	artifactExpectation_present_ae.none_artifacts_present_empty	claim_failed_download_timeout	none	none	event.prior.PollStarted	artifact.download_timeout	0	payload.N046.ae-none.artifact-empty	terminal.poll_terminal_artifact_failure	artifact.download_timeout	false	artifact.download_timeout	0	false	none	0	0	2	receipt.answer.poll_terminal,receipt.failure.provider	event.prior.PollStarted,event.ProviderAnswerTerminalR12,event.ProviderArtifactClaimEstablishedR12,event.ProviderArtifactControlsDiscoveredR12,event.ProviderArtifactDownloadAttemptConsumedR12,event.ProviderArtifactClaimFailedR12,event.ProviderTerminalPersistedR12	answer.terminal.no_artifact.persist	legal.N046.ae-none.artifact-empty	cmd.N046.ae-none.artifact-empty	stacks/gpt-webai-slot-pool	0	0	state.request.terminal.artifact_failed	oracle.receipt.answer.poll_terminal.valid,oracle.receipt.failure.provider.valid	answer.terminal.no_artifact.valid
46	poll	exit_0	artifact.download_timeout	artifact_download_timeout	N046.ae-none.artifact-nonempty	ae.none	present_nonempty_validated	conversation_url	same_session	present_nonempty	artifactExpectation_present_ae.none_artifacts_present_nonempty_diagnostic	claim_failed_download_timeout	none	none	event.prior.PollStarted	artifact.download_timeout	0	payload.N046.ae-none.artifact-nonempty	terminal.poll_terminal_artifact_failure	artifact.download_timeout	false	artifact.download_timeout	0	false	none	0	0	2	receipt.answer.poll_terminal,receipt.failure.provider	event.prior.PollStarted,event.ProviderAnswerTerminalR12,event.ProviderArtifactClaimEstablishedR12,event.ProviderArtifactControlsDiscoveredR12,event.ProviderArtifactDownloadAttemptConsumedR12,event.ProviderArtifactClaimFailedR12,event.ProviderTerminalPersistedR12	answer.terminal.no_artifact.persist	legal.N046.ae-none.artifact-nonempty	cmd.N046.ae-none.artifact-nonempty	stacks/gpt-webai-slot-pool	0	0	state.request.terminal.artifact_failed	oracle.receipt.answer.poll_terminal.valid,oracle.receipt.failure.provider.valid	answer.terminal.no_artifact.valid
46	poll	exit_0	artifact.download_timeout	artifact_download_timeout	N046.ae-optional.artifact-empty	ae.optional	present_nonempty_validated	conversation_url	same_session	present_nonempty	artifactExpectation_present_ae.optional_artifacts_present_empty	claim_failed_download_timeout	none	none	event.prior.PollStarted	artifact.download_timeout	0	payload.N046.ae-optional.artifact-empty	terminal.poll_terminal_artifact_failure	artifact.download_timeout	false	artifact.download_timeout	0	false	none	0	0	2	receipt.answer.poll_terminal,receipt.failure.provider	event.prior.PollStarted,event.ProviderAnswerTerminalR12,event.ProviderArtifactClaimEstablishedR12,event.ProviderArtifactControlsDiscoveredR12,event.ProviderArtifactDownloadAttemptConsumedR12,event.ProviderArtifactClaimFailedR12,event.ProviderTerminalPersistedR12	answer.terminal.no_artifact.persist	legal.N046.ae-optional.artifact-empty	cmd.N046.ae-optional.artifact-empty	stacks/gpt-webai-slot-pool	0	0	state.request.terminal.artifact_failed	oracle.receipt.answer.poll_terminal.valid,oracle.receipt.failure.provider.valid	answer.terminal.no_artifact.valid
46	poll	exit_0	artifact.download_timeout	artifact_download_timeout	N046.ae-optional.artifact-nonempty	ae.optional	present_nonempty_validated	conversation_url	same_session	present_nonempty	artifactExpectation_present_ae.optional_artifacts_present_nonempty_diagnostic	claim_failed_download_timeout	none	none	event.prior.PollStarted	artifact.download_timeout	0	payload.N046.ae-optional.artifact-nonempty	terminal.poll_terminal_artifact_failure	artifact.download_timeout	false	artifact.download_timeout	0	false	none	0	0	2	receipt.answer.poll_terminal,receipt.failure.provider	event.prior.PollStarted,event.ProviderAnswerTerminalR12,event.ProviderArtifactClaimEstablishedR12,event.ProviderArtifactControlsDiscoveredR12,event.ProviderArtifactDownloadAttemptConsumedR12,event.ProviderArtifactClaimFailedR12,event.ProviderTerminalPersistedR12	answer.terminal.no_artifact.persist	legal.N046.ae-optional.artifact-nonempty	cmd.N046.ae-optional.artifact-nonempty	stacks/gpt-webai-slot-pool	0	0	state.request.terminal.artifact_failed	oracle.receipt.answer.poll_terminal.valid,oracle.receipt.failure.provider.valid	answer.terminal.no_artifact.valid
46	poll	exit_0	artifact.download_timeout	artifact_download_timeout	N046.ae-required.artifact-empty	ae.required	present_nonempty_validated	conversation_url	same_session	present_nonempty	artifactExpectation_present_ae.required_artifacts_present_empty	claim_failed_download_timeout	none	none	event.prior.PollStarted	artifact.download_timeout	0	payload.N046.ae-required.artifact-empty	terminal.poll_terminal_artifact_failure	artifact.download_timeout	false	artifact.download_timeout	0	false	none	0	0	2	receipt.answer.poll_terminal,receipt.failure.provider	event.prior.PollStarted,event.ProviderAnswerTerminalR12,event.ProviderArtifactClaimEstablishedR12,event.ProviderArtifactControlsDiscoveredR12,event.ProviderArtifactDownloadAttemptConsumedR12,event.ProviderArtifactClaimFailedR12,event.ProviderTerminalPersistedR12	answer.terminal.no_artifact.persist	legal.N046.ae-required.artifact-empty	cmd.N046.ae-required.artifact-empty	stacks/gpt-webai-slot-pool	0	0	state.request.terminal.artifact_failed	oracle.receipt.answer.poll_terminal.valid,oracle.receipt.failure.provider.valid	answer.terminal.no_artifact.valid
46	poll	exit_0	artifact.download_timeout	artifact_download_timeout	N046.ae-required.artifact-nonempty	ae.required	present_nonempty_validated	conversation_url	same_session	present_nonempty	artifactExpectation_present_ae.required_artifacts_present_nonempty_diagnostic	claim_failed_download_timeout	none	none	event.prior.PollStarted	artifact.download_timeout	0	payload.N046.ae-required.artifact-nonempty	terminal.poll_terminal_artifact_failure	artifact.download_timeout	false	artifact.download_timeout	0	false	none	0	0	2	receipt.answer.poll_terminal,receipt.failure.provider	event.prior.PollStarted,event.ProviderAnswerTerminalR12,event.ProviderArtifactClaimEstablishedR12,event.ProviderArtifactControlsDiscoveredR12,event.ProviderArtifactDownloadAttemptConsumedR12,event.ProviderArtifactClaimFailedR12,event.ProviderTerminalPersistedR12	answer.terminal.no_artifact.persist	legal.N046.ae-required.artifact-nonempty	cmd.N046.ae-required.artifact-nonempty	stacks/gpt-webai-slot-pool	0	0	state.request.terminal.artifact_failed	oracle.receipt.answer.poll_terminal.valid,oracle.receipt.failure.provider.valid	answer.terminal.no_artifact.valid
47	poll	exit_0	artifact.recovery_failed	artifact_recovery_failed	N047.ae-claimed.artifact-empty	ae.claimed	present_nonempty_validated	conversation_url	same_session	present_nonempty	artifactExpectation_present_ae.claimed_artifacts_present_empty	claim_failed_recovery	none	none	event.prior.PollStarted	artifact.recovery_failed	0	payload.N047.ae-claimed.artifact-empty	terminal.poll_terminal_artifact_failure	artifact.recovery_failed	false	artifact.recovery_failed	0	false	none	0	0	2	receipt.answer.poll_terminal,receipt.failure.provider	event.prior.PollStarted,event.ProviderAnswerTerminalR12,event.ProviderArtifactClaimEstablishedR12,event.ProviderArtifactControlsDiscoveredR12,event.ProviderArtifactDownloadAttemptConsumedR12,event.ProviderArtifactClaimFailedR12,event.ProviderTerminalPersistedR12	answer.terminal.no_artifact.persist	legal.N047.ae-claimed.artifact-empty	cmd.N047.ae-claimed.artifact-empty	stacks/gpt-webai-slot-pool	0	0	state.request.terminal.artifact_failed	oracle.receipt.answer.poll_terminal.valid,oracle.receipt.failure.provider.valid	answer.terminal.no_artifact.valid
47	poll	exit_0	artifact.recovery_failed	artifact_recovery_failed	N047.ae-claimed.artifact-nonempty	ae.claimed	present_nonempty_validated	conversation_url	same_session	present_nonempty	artifactExpectation_present_ae.claimed_artifacts_present_nonempty_diagnostic	claim_failed_recovery	none	none	event.prior.PollStarted	artifact.recovery_failed	0	payload.N047.ae-claimed.artifact-nonempty	terminal.poll_terminal_artifact_failure	artifact.recovery_failed	false	artifact.recovery_failed	0	false	none	0	0	2	receipt.answer.poll_terminal,receipt.failure.provider	event.prior.PollStarted,event.ProviderAnswerTerminalR12,event.ProviderArtifactClaimEstablishedR12,event.ProviderArtifactControlsDiscoveredR12,event.ProviderArtifactDownloadAttemptConsumedR12,event.ProviderArtifactClaimFailedR12,event.ProviderTerminalPersistedR12	answer.terminal.no_artifact.persist	legal.N047.ae-claimed.artifact-nonempty	cmd.N047.ae-claimed.artifact-nonempty	stacks/gpt-webai-slot-pool	0	0	state.request.terminal.artifact_failed	oracle.receipt.answer.poll_terminal.valid,oracle.receipt.failure.provider.valid	answer.terminal.no_artifact.valid
47	poll	exit_0	artifact.recovery_failed	artifact_recovery_failed	N047.ae-none.artifact-empty	ae.none	present_nonempty_validated	conversation_url	same_session	present_nonempty	artifactExpectation_present_ae.none_artifacts_present_empty	claim_failed_recovery	none	none	event.prior.PollStarted	artifact.recovery_failed	0	payload.N047.ae-none.artifact-empty	terminal.poll_terminal_artifact_failure	artifact.recovery_failed	false	artifact.recovery_failed	0	false	none	0	0	2	receipt.answer.poll_terminal,receipt.failure.provider	event.prior.PollStarted,event.ProviderAnswerTerminalR12,event.ProviderArtifactClaimEstablishedR12,event.ProviderArtifactControlsDiscoveredR12,event.ProviderArtifactDownloadAttemptConsumedR12,event.ProviderArtifactClaimFailedR12,event.ProviderTerminalPersistedR12	answer.terminal.no_artifact.persist	legal.N047.ae-none.artifact-empty	cmd.N047.ae-none.artifact-empty	stacks/gpt-webai-slot-pool	0	0	state.request.terminal.artifact_failed	oracle.receipt.answer.poll_terminal.valid,oracle.receipt.failure.provider.valid	answer.terminal.no_artifact.valid
47	poll	exit_0	artifact.recovery_failed	artifact_recovery_failed	N047.ae-none.artifact-nonempty	ae.none	present_nonempty_validated	conversation_url	same_session	present_nonempty	artifactExpectation_present_ae.none_artifacts_present_nonempty_diagnostic	claim_failed_recovery	none	none	event.prior.PollStarted	artifact.recovery_failed	0	payload.N047.ae-none.artifact-nonempty	terminal.poll_terminal_artifact_failure	artifact.recovery_failed	false	artifact.recovery_failed	0	false	none	0	0	2	receipt.answer.poll_terminal,receipt.failure.provider	event.prior.PollStarted,event.ProviderAnswerTerminalR12,event.ProviderArtifactClaimEstablishedR12,event.ProviderArtifactControlsDiscoveredR12,event.ProviderArtifactDownloadAttemptConsumedR12,event.ProviderArtifactClaimFailedR12,event.ProviderTerminalPersistedR12	answer.terminal.no_artifact.persist	legal.N047.ae-none.artifact-nonempty	cmd.N047.ae-none.artifact-nonempty	stacks/gpt-webai-slot-pool	0	0	state.request.terminal.artifact_failed	oracle.receipt.answer.poll_terminal.valid,oracle.receipt.failure.provider.valid	answer.terminal.no_artifact.valid
47	poll	exit_0	artifact.recovery_failed	artifact_recovery_failed	N047.ae-optional.artifact-empty	ae.optional	present_nonempty_validated	conversation_url	same_session	present_nonempty	artifactExpectation_present_ae.optional_artifacts_present_empty	claim_failed_recovery	none	none	event.prior.PollStarted	artifact.recovery_failed	0	payload.N047.ae-optional.artifact-empty	terminal.poll_terminal_artifact_failure	artifact.recovery_failed	false	artifact.recovery_failed	0	false	none	0	0	2	receipt.answer.poll_terminal,receipt.failure.provider	event.prior.PollStarted,event.ProviderAnswerTerminalR12,event.ProviderArtifactClaimEstablishedR12,event.ProviderArtifactControlsDiscoveredR12,event.ProviderArtifactDownloadAttemptConsumedR12,event.ProviderArtifactClaimFailedR12,event.ProviderTerminalPersistedR12	answer.terminal.no_artifact.persist	legal.N047.ae-optional.artifact-empty	cmd.N047.ae-optional.artifact-empty	stacks/gpt-webai-slot-pool	0	0	state.request.terminal.artifact_failed	oracle.receipt.answer.poll_terminal.valid,oracle.receipt.failure.provider.valid	answer.terminal.no_artifact.valid
47	poll	exit_0	artifact.recovery_failed	artifact_recovery_failed	N047.ae-optional.artifact-nonempty	ae.optional	present_nonempty_validated	conversation_url	same_session	present_nonempty	artifactExpectation_present_ae.optional_artifacts_present_nonempty_diagnostic	claim_failed_recovery	none	none	event.prior.PollStarted	artifact.recovery_failed	0	payload.N047.ae-optional.artifact-nonempty	terminal.poll_terminal_artifact_failure	artifact.recovery_failed	false	artifact.recovery_failed	0	false	none	0	0	2	receipt.answer.poll_terminal,receipt.failure.provider	event.prior.PollStarted,event.ProviderAnswerTerminalR12,event.ProviderArtifactClaimEstablishedR12,event.ProviderArtifactControlsDiscoveredR12,event.ProviderArtifactDownloadAttemptConsumedR12,event.ProviderArtifactClaimFailedR12,event.ProviderTerminalPersistedR12	answer.terminal.no_artifact.persist	legal.N047.ae-optional.artifact-nonempty	cmd.N047.ae-optional.artifact-nonempty	stacks/gpt-webai-slot-pool	0	0	state.request.terminal.artifact_failed	oracle.receipt.answer.poll_terminal.valid,oracle.receipt.failure.provider.valid	answer.terminal.no_artifact.valid
47	poll	exit_0	artifact.recovery_failed	artifact_recovery_failed	N047.ae-required.artifact-empty	ae.required	present_nonempty_validated	conversation_url	same_session	present_nonempty	artifactExpectation_present_ae.required_artifacts_present_empty	claim_failed_recovery	none	none	event.prior.PollStarted	artifact.recovery_failed	0	payload.N047.ae-required.artifact-empty	terminal.poll_terminal_artifact_failure	artifact.recovery_failed	false	artifact.recovery_failed	0	false	none	0	0	2	receipt.answer.poll_terminal,receipt.failure.provider	event.prior.PollStarted,event.ProviderAnswerTerminalR12,event.ProviderArtifactClaimEstablishedR12,event.ProviderArtifactControlsDiscoveredR12,event.ProviderArtifactDownloadAttemptConsumedR12,event.ProviderArtifactClaimFailedR12,event.ProviderTerminalPersistedR12	answer.terminal.no_artifact.persist	legal.N047.ae-required.artifact-empty	cmd.N047.ae-required.artifact-empty	stacks/gpt-webai-slot-pool	0	0	state.request.terminal.artifact_failed	oracle.receipt.answer.poll_terminal.valid,oracle.receipt.failure.provider.valid	answer.terminal.no_artifact.valid
47	poll	exit_0	artifact.recovery_failed	artifact_recovery_failed	N047.ae-required.artifact-nonempty	ae.required	present_nonempty_validated	conversation_url	same_session	present_nonempty	artifactExpectation_present_ae.required_artifacts_present_nonempty_diagnostic	claim_failed_recovery	none	none	event.prior.PollStarted	artifact.recovery_failed	0	payload.N047.ae-required.artifact-nonempty	terminal.poll_terminal_artifact_failure	artifact.recovery_failed	false	artifact.recovery_failed	0	false	none	0	0	2	receipt.answer.poll_terminal,receipt.failure.provider	event.prior.PollStarted,event.ProviderAnswerTerminalR12,event.ProviderArtifactClaimEstablishedR12,event.ProviderArtifactControlsDiscoveredR12,event.ProviderArtifactDownloadAttemptConsumedR12,event.ProviderArtifactClaimFailedR12,event.ProviderTerminalPersistedR12	answer.terminal.no_artifact.persist	legal.N047.ae-required.artifact-nonempty	cmd.N047.ae-required.artifact-nonempty	stacks/gpt-webai-slot-pool	0	0	state.request.terminal.artifact_failed	oracle.receipt.answer.poll_terminal.valid,oracle.receipt.failure.provider.valid	answer.terminal.no_artifact.valid
48	poll	exit_0	done	done	N048.ae-claimed.artifact-nonempty	ae.claimed	present_nonempty_validated	conversation_url	same_session	present_nonempty	artifactExpectation_present_ae.claimed_artifacts_present_nonempty_saved	claim_satisfied_nonempty_saved	none	none	event.prior.PollStarted	none	0	payload.N048.ae-claimed.artifact-nonempty	terminal.poll_terminal_success	none	true	done	0	false	none	0	0	2	receipt.answer.poll_terminal,receipt.artifact.poll_terminal	event.prior.PollStarted,event.ProviderAnswerTerminalR12,event.ProviderArtifactClaimEstablishedR12,event.ProviderArtifactControlsDiscoveredR12,event.ProviderArtifactDownloadAttemptConsumedR12,event.ProviderArtifactDownloadCompletedR12,event.ProviderArtifactClaimCompletedR12,event.ProviderTerminalPersistedR12	artifact.bundle.persist	legal.N048.ae-claimed.artifact-nonempty	cmd.N048.ae-claimed.artifact-nonempty	stacks/gpt-webai-slot-pool	0	0	state.request.terminal.artifact_complete	oracle.receipt.answer.poll_terminal.valid,oracle.receipt.artifact.poll_terminal.valid	artifact.side_effect.poll.positive
48	poll	exit_0	done	done	N048.ae-none.artifact-nonempty	ae.none	present_nonempty_validated	conversation_url	same_session	present_nonempty	artifactExpectation_present_ae.none_artifacts_present_nonempty_saved	claim_satisfied_nonempty_saved	none	none	event.prior.PollStarted	none	0	payload.N048.ae-none.artifact-nonempty	terminal.poll_terminal_success	none	true	done	0	false	none	0	0	2	receipt.answer.poll_terminal,receipt.artifact.poll_terminal	event.prior.PollStarted,event.ProviderAnswerTerminalR12,event.ProviderArtifactClaimEstablishedR12,event.ProviderArtifactControlsDiscoveredR12,event.ProviderArtifactDownloadAttemptConsumedR12,event.ProviderArtifactDownloadCompletedR12,event.ProviderArtifactClaimCompletedR12,event.ProviderTerminalPersistedR12	artifact.bundle.persist	legal.N048.ae-none.artifact-nonempty	cmd.N048.ae-none.artifact-nonempty	stacks/gpt-webai-slot-pool	0	0	state.request.terminal.artifact_complete	oracle.receipt.answer.poll_terminal.valid,oracle.receipt.artifact.poll_terminal.valid	artifact.side_effect.poll.positive
48	poll	exit_0	done	done	N048.ae-none.artifact-zero	ae.none	present_nonempty_validated	conversation_url	same_session	present_nonempty	artifactExpectation_present_ae.none_artifacts_present_empty	claim_satisfied_zero_expectation_none	none	none	event.prior.PollStarted	none	0	payload.N048.ae-none.artifact-zero	terminal.poll_terminal_success	none	true	done	0	false	none	0	0	2	receipt.answer.poll_terminal,receipt.claim.zero	event.prior.PollStarted,event.ProviderAnswerTerminalR12,event.ProviderArtifactClaimEstablishedR12,event.ProviderArtifactControlsAbsentR12,event.ProviderArtifactClaimCompletedR12,event.ProviderTerminalPersistedR12	answer.terminal.zero_artifact.persist	legal.N048.ae-none.artifact-zero	cmd.N048.ae-none.artifact-zero	stacks/gpt-webai-slot-pool	0	0	state.request.terminal.artifact_zero_complete	oracle.receipt.answer.poll_terminal.valid,oracle.receipt.claim.zero.valid	artifact.zero_effect.valid
48	poll	exit_0	done	done	N048.ae-optional.artifact-nonempty	ae.optional	present_nonempty_validated	conversation_url	same_session	present_nonempty	artifactExpectation_present_ae.optional_artifacts_present_nonempty_saved	claim_satisfied_nonempty_saved	none	none	event.prior.PollStarted	none	0	payload.N048.ae-optional.artifact-nonempty	terminal.poll_terminal_success	none	true	done	0	false	none	0	0	2	receipt.answer.poll_terminal,receipt.artifact.poll_terminal	event.prior.PollStarted,event.ProviderAnswerTerminalR12,event.ProviderArtifactClaimEstablishedR12,event.ProviderArtifactControlsDiscoveredR12,event.ProviderArtifactDownloadAttemptConsumedR12,event.ProviderArtifactDownloadCompletedR12,event.ProviderArtifactClaimCompletedR12,event.ProviderTerminalPersistedR12	artifact.bundle.persist	legal.N048.ae-optional.artifact-nonempty	cmd.N048.ae-optional.artifact-nonempty	stacks/gpt-webai-slot-pool	0	0	state.request.terminal.artifact_complete	oracle.receipt.answer.poll_terminal.valid,oracle.receipt.artifact.poll_terminal.valid	artifact.side_effect.poll.positive
48	poll	exit_0	done	done	N048.ae-optional.artifact-zero	ae.optional	present_nonempty_validated	conversation_url	same_session	present_nonempty	artifactExpectation_present_ae.optional_artifacts_present_empty	claim_satisfied_zero_optional_unclaimed	none	none	event.prior.PollStarted	none	0	payload.N048.ae-optional.artifact-zero	terminal.poll_terminal_success	none	true	done	0	false	none	0	0	2	receipt.answer.poll_terminal,receipt.claim.zero	event.prior.PollStarted,event.ProviderAnswerTerminalR12,event.ProviderArtifactClaimEstablishedR12,event.ProviderArtifactControlsAbsentR12,event.ProviderArtifactClaimCompletedR12,event.ProviderTerminalPersistedR12	answer.terminal.zero_artifact.persist	legal.N048.ae-optional.artifact-zero	cmd.N048.ae-optional.artifact-zero	stacks/gpt-webai-slot-pool	0	0	state.request.terminal.artifact_zero_complete	oracle.receipt.answer.poll_terminal.valid,oracle.receipt.claim.zero.valid	artifact.zero_effect.valid
48	poll	exit_0	done	done	N048.ae-required.artifact-nonempty	ae.required	present_nonempty_validated	conversation_url	same_session	present_nonempty	artifactExpectation_present_ae.required_artifacts_present_nonempty_saved	claim_satisfied_nonempty_saved	none	none	event.prior.PollStarted	none	0	payload.N048.ae-required.artifact-nonempty	terminal.poll_terminal_success	none	true	done	0	false	none	0	0	2	receipt.answer.poll_terminal,receipt.artifact.poll_terminal	event.prior.PollStarted,event.ProviderAnswerTerminalR12,event.ProviderArtifactClaimEstablishedR12,event.ProviderArtifactControlsDiscoveredR12,event.ProviderArtifactDownloadAttemptConsumedR12,event.ProviderArtifactDownloadCompletedR12,event.ProviderArtifactClaimCompletedR12,event.ProviderTerminalPersistedR12	artifact.bundle.persist	legal.N048.ae-required.artifact-nonempty	cmd.N048.ae-required.artifact-nonempty	stacks/gpt-webai-slot-pool	0	0	state.request.terminal.artifact_complete	oracle.receipt.answer.poll_terminal.valid,oracle.receipt.artifact.poll_terminal.valid	artifact.side_effect.poll.positive
49	poll	exit_0	provider_limit	terminal_provider_limit	N049.ae-claimed	ae.claimed	present_nonempty_validated	conversation_url	same_session	present_nonempty	artifactExpectation_absent_artifacts_absent	claim_not_started	none	none	event.prior.PollStarted	provider.limit	0	payload.N049.ae-claimed	terminal.poll_failure	provider.limit	false	provider_limit	0	false	none	0	0	1	receipt.poll.failure	event.prior.PollStarted,event.ProviderPollFailedR12,event.ProviderSlotHealthUpdatedR12	health.projection.persist	legal.N049.ae-claimed	cmd.N049.ae-claimed	stacks/gpt-webai-slot-pool	0	0	state.poll.failed	oracle.receipt.poll.failure.valid	health.projection.valid
49	poll	exit_0	provider_limit	terminal_provider_limit	N049.ae-none	ae.none	present_nonempty_validated	conversation_url	same_session	present_nonempty	artifactExpectation_absent_artifacts_absent	claim_not_started	none	none	event.prior.PollStarted	provider.limit	0	payload.N049.ae-none	terminal.poll_failure	provider.limit	false	provider_limit	0	false	none	0	0	1	receipt.poll.failure	event.prior.PollStarted,event.ProviderPollFailedR12,event.ProviderSlotHealthUpdatedR12	health.projection.persist	legal.N049.ae-none	cmd.N049.ae-none	stacks/gpt-webai-slot-pool	0	0	state.poll.failed	oracle.receipt.poll.failure.valid	health.projection.valid
49	poll	exit_0	provider_limit	terminal_provider_limit	N049.ae-optional	ae.optional	present_nonempty_validated	conversation_url	same_session	present_nonempty	artifactExpectation_absent_artifacts_absent	claim_not_started	none	none	event.prior.PollStarted	provider.limit	0	payload.N049.ae-optional	terminal.poll_failure	provider.limit	false	provider_limit	0	false	none	0	0	1	receipt.poll.failure	event.prior.PollStarted,event.ProviderPollFailedR12,event.ProviderSlotHealthUpdatedR12	health.projection.persist	legal.N049.ae-optional	cmd.N049.ae-optional	stacks/gpt-webai-slot-pool	0	0	state.poll.failed	oracle.receipt.poll.failure.valid	health.projection.valid
49	poll	exit_0	provider_limit	terminal_provider_limit	N049.ae-required	ae.required	present_nonempty_validated	conversation_url	same_session	present_nonempty	artifactExpectation_absent_artifacts_absent	claim_not_started	none	none	event.prior.PollStarted	provider.limit	0	payload.N049.ae-required	terminal.poll_failure	provider.limit	false	provider_limit	0	false	none	0	0	1	receipt.poll.failure	event.prior.PollStarted,event.ProviderPollFailedR12,event.ProviderSlotHealthUpdatedR12	health.projection.persist	legal.N049.ae-required	cmd.N049.ae-required	stacks/gpt-webai-slot-pool	0	0	state.poll.failed	oracle.receipt.poll.failure.valid	health.projection.valid
50	poll	exit_0	running	progress_prologue	N050.ae-claimed	ae.claimed	present_nonempty_validated	conversation_url	same_session	present_nonempty	artifactExpectation_absent_artifacts_absent	claim_not_started	none	none	event.prior.PollStarted	answer.progress_prologue	0	payload.N050.ae-claimed	nonterminal.poll_running	answer.progress_prologue	true	running	0	true	poll	750	until_operation_deadline	1	receipt.poll.progress	event.prior.PollStarted,event.ProviderPollProgressR12	poll.progress.persist	legal.N050.ae-claimed	cmd.N050.ae-claimed	stacks/gpt-webai-slot-pool	0	0	state.poll.running	oracle.receipt.poll.progress.valid	poll.progress.valid
50	poll	exit_0	running	progress_prologue	N050.ae-none	ae.none	present_nonempty_validated	conversation_url	same_session	present_nonempty	artifactExpectation_absent_artifacts_absent	claim_not_started	none	none	event.prior.PollStarted	answer.progress_prologue	0	payload.N050.ae-none	nonterminal.poll_running	answer.progress_prologue	true	running	0	true	poll	750	until_operation_deadline	1	receipt.poll.progress	event.prior.PollStarted,event.ProviderPollProgressR12	poll.progress.persist	legal.N050.ae-none	cmd.N050.ae-none	stacks/gpt-webai-slot-pool	0	0	state.poll.running	oracle.receipt.poll.progress.valid	poll.progress.valid
50	poll	exit_0	running	progress_prologue	N050.ae-optional	ae.optional	present_nonempty_validated	conversation_url	same_session	present_nonempty	artifactExpectation_absent_artifacts_absent	claim_not_started	none	none	event.prior.PollStarted	answer.progress_prologue	0	payload.N050.ae-optional	nonterminal.poll_running	answer.progress_prologue	true	running	0	true	poll	750	until_operation_deadline	1	receipt.poll.progress	event.prior.PollStarted,event.ProviderPollProgressR12	poll.progress.persist	legal.N050.ae-optional	cmd.N050.ae-optional	stacks/gpt-webai-slot-pool	0	0	state.poll.running	oracle.receipt.poll.progress.valid	poll.progress.valid
50	poll	exit_0	running	progress_prologue	N050.ae-required	ae.required	present_nonempty_validated	conversation_url	same_session	present_nonempty	artifactExpectation_absent_artifacts_absent	claim_not_started	none	none	event.prior.PollStarted	answer.progress_prologue	0	payload.N050.ae-required	nonterminal.poll_running	answer.progress_prologue	true	running	0	true	poll	750	until_operation_deadline	1	receipt.poll.progress	event.prior.PollStarted,event.ProviderPollProgressR12	poll.progress.persist	legal.N050.ae-required	cmd.N050.ae-required	stacks/gpt-webai-slot-pool	0	0	state.poll.running	oracle.receipt.poll.progress.valid	poll.progress.valid
51	poll	exit_0	scroll.bottom_unverified	terminal_scroll_unverified	N051.ae-claimed	ae.claimed	present_nonempty_validated	conversation_url	same_session	present_nonempty	artifactExpectation_absent_artifacts_absent	claim_not_started	none	none	event.prior.PollStarted	visual_failure_reason	0	payload.N051.ae-claimed	terminal.poll_failure	visual_failure_reason	false	scroll.bottom_unverified	0	false	none	0	0	1	receipt.poll.failure	event.prior.PollStarted,event.ProviderPollFailedR12	diagnostic.persist	legal.N051.ae-claimed	cmd.N051.ae-claimed	stacks/gpt-webai-slot-pool	0	0	state.poll.failed	oracle.receipt.poll.failure.valid	diagnostic.digest.valid
51	poll	exit_0	scroll.bottom_unverified	terminal_scroll_unverified	N051.ae-none	ae.none	present_nonempty_validated	conversation_url	same_session	present_nonempty	artifactExpectation_absent_artifacts_absent	claim_not_started	none	none	event.prior.PollStarted	visual_failure_reason	0	payload.N051.ae-none	terminal.poll_failure	visual_failure_reason	false	scroll.bottom_unverified	0	false	none	0	0	1	receipt.poll.failure	event.prior.PollStarted,event.ProviderPollFailedR12	diagnostic.persist	legal.N051.ae-none	cmd.N051.ae-none	stacks/gpt-webai-slot-pool	0	0	state.poll.failed	oracle.receipt.poll.failure.valid	diagnostic.digest.valid
51	poll	exit_0	scroll.bottom_unverified	terminal_scroll_unverified	N051.ae-optional	ae.optional	present_nonempty_validated	conversation_url	same_session	present_nonempty	artifactExpectation_absent_artifacts_absent	claim_not_started	none	none	event.prior.PollStarted	visual_failure_reason	0	payload.N051.ae-optional	terminal.poll_failure	visual_failure_reason	false	scroll.bottom_unverified	0	false	none	0	0	1	receipt.poll.failure	event.prior.PollStarted,event.ProviderPollFailedR12	diagnostic.persist	legal.N051.ae-optional	cmd.N051.ae-optional	stacks/gpt-webai-slot-pool	0	0	state.poll.failed	oracle.receipt.poll.failure.valid	diagnostic.digest.valid
51	poll	exit_0	scroll.bottom_unverified	terminal_scroll_unverified	N051.ae-required	ae.required	present_nonempty_validated	conversation_url	same_session	present_nonempty	artifactExpectation_absent_artifacts_absent	claim_not_started	none	none	event.prior.PollStarted	visual_failure_reason	0	payload.N051.ae-required	terminal.poll_failure	visual_failure_reason	false	scroll.bottom_unverified	0	false	none	0	0	1	receipt.poll.failure	event.prior.PollStarted,event.ProviderPollFailedR12	diagnostic.persist	legal.N051.ae-required	cmd.N051.ae-required	stacks/gpt-webai-slot-pool	0	0	state.poll.failed	oracle.receipt.poll.failure.valid	diagnostic.digest.valid
52	poll	exit_0	session.running_unverified	progress_scroll_unverified	N052.ae-claimed	ae.claimed	present_nonempty_validated	conversation_url	same_session	present_nonempty	artifactExpectation_absent_artifacts_absent	claim_not_started	none	none	event.prior.PollStarted	visual_failure_reason	0	payload.N052.ae-claimed	nonterminal.poll_running_unverified	visual_failure_reason	false	session.running_unverified	0	true	poll	750	until_operation_deadline	1	receipt.poll.progress	event.prior.PollStarted,event.ProviderPollProgressR12	poll.progress.persist	legal.N052.ae-claimed	cmd.N052.ae-claimed	stacks/gpt-webai-slot-pool	0	0	state.poll.running	oracle.receipt.poll.progress.valid	poll.progress.valid
52	poll	exit_0	session.running_unverified	progress_scroll_unverified	N052.ae-none	ae.none	present_nonempty_validated	conversation_url	same_session	present_nonempty	artifactExpectation_absent_artifacts_absent	claim_not_started	none	none	event.prior.PollStarted	visual_failure_reason	0	payload.N052.ae-none	nonterminal.poll_running_unverified	visual_failure_reason	false	session.running_unverified	0	true	poll	750	until_operation_deadline	1	receipt.poll.progress	event.prior.PollStarted,event.ProviderPollProgressR12	poll.progress.persist	legal.N052.ae-none	cmd.N052.ae-none	stacks/gpt-webai-slot-pool	0	0	state.poll.running	oracle.receipt.poll.progress.valid	poll.progress.valid
52	poll	exit_0	session.running_unverified	progress_scroll_unverified	N052.ae-optional	ae.optional	present_nonempty_validated	conversation_url	same_session	present_nonempty	artifactExpectation_absent_artifacts_absent	claim_not_started	none	none	event.prior.PollStarted	visual_failure_reason	0	payload.N052.ae-optional	nonterminal.poll_running_unverified	visual_failure_reason	false	session.running_unverified	0	true	poll	750	until_operation_deadline	1	receipt.poll.progress	event.prior.PollStarted,event.ProviderPollProgressR12	poll.progress.persist	legal.N052.ae-optional	cmd.N052.ae-optional	stacks/gpt-webai-slot-pool	0	0	state.poll.running	oracle.receipt.poll.progress.valid	poll.progress.valid
52	poll	exit_0	session.running_unverified	progress_scroll_unverified	N052.ae-required	ae.required	present_nonempty_validated	conversation_url	same_session	present_nonempty	artifactExpectation_absent_artifacts_absent	claim_not_started	none	none	event.prior.PollStarted	visual_failure_reason	0	payload.N052.ae-required	nonterminal.poll_running_unverified	visual_failure_reason	false	session.running_unverified	0	true	poll	750	until_operation_deadline	1	receipt.poll.progress	event.prior.PollStarted,event.ProviderPollProgressR12	poll.progress.persist	legal.N052.ae-required	cmd.N052.ae-required	stacks/gpt-webai-slot-pool	0	0	state.poll.running	oracle.receipt.poll.progress.valid	poll.progress.valid
53	poll	exit_0	session.start_unconfirmed	root_url_unconfirmed	N053.ae-claimed	ae.claimed	present_nonempty_unaccepted	root_url	root_no_session	absent	artifactExpectation_absent_artifacts_absent	claim_not_started	none	none	event.prior.PollStarted	session.start_unconfirmed	0	payload.N053.ae-claimed	terminal.poll_failure	session.start_unconfirmed	false	session.start_unconfirmed	0	false	none	0	0	1	receipt.poll.failure	event.prior.PollStarted,event.ProviderPollFailedR12	diagnostic.persist	legal.N053.ae-claimed	cmd.N053.ae-claimed	stacks/gpt-webai-slot-pool	0	0	state.poll.failed	oracle.receipt.poll.failure.valid	diagnostic.digest.valid
53	poll	exit_0	session.start_unconfirmed	root_url_unconfirmed	N053.ae-none	ae.none	present_nonempty_unaccepted	root_url	root_no_session	absent	artifactExpectation_absent_artifacts_absent	claim_not_started	none	none	event.prior.PollStarted	session.start_unconfirmed	0	payload.N053.ae-none	terminal.poll_failure	session.start_unconfirmed	false	session.start_unconfirmed	0	false	none	0	0	1	receipt.poll.failure	event.prior.PollStarted,event.ProviderPollFailedR12	diagnostic.persist	legal.N053.ae-none	cmd.N053.ae-none	stacks/gpt-webai-slot-pool	0	0	state.poll.failed	oracle.receipt.poll.failure.valid	diagnostic.digest.valid
53	poll	exit_0	session.start_unconfirmed	root_url_unconfirmed	N053.ae-optional	ae.optional	present_nonempty_unaccepted	root_url	root_no_session	absent	artifactExpectation_absent_artifacts_absent	claim_not_started	none	none	event.prior.PollStarted	session.start_unconfirmed	0	payload.N053.ae-optional	terminal.poll_failure	session.start_unconfirmed	false	session.start_unconfirmed	0	false	none	0	0	1	receipt.poll.failure	event.prior.PollStarted,event.ProviderPollFailedR12	diagnostic.persist	legal.N053.ae-optional	cmd.N053.ae-optional	stacks/gpt-webai-slot-pool	0	0	state.poll.failed	oracle.receipt.poll.failure.valid	diagnostic.digest.valid
53	poll	exit_0	session.start_unconfirmed	root_url_unconfirmed	N053.ae-required	ae.required	present_nonempty_unaccepted	root_url	root_no_session	absent	artifactExpectation_absent_artifacts_absent	claim_not_started	none	none	event.prior.PollStarted	session.start_unconfirmed	0	payload.N053.ae-required	terminal.poll_failure	session.start_unconfirmed	false	session.start_unconfirmed	0	false	none	0	0	1	receipt.poll.failure	event.prior.PollStarted,event.ProviderPollFailedR12	diagnostic.persist	legal.N053.ae-required	cmd.N053.ae-required	stacks/gpt-webai-slot-pool	0	0	state.poll.failed	oracle.receipt.poll.failure.valid	diagnostic.digest.valid
54	poll	exit_0	session.start_unconfirmed	session_url_mismatch	N054.ae-claimed	ae.claimed	present_nonempty_unaccepted	conversation_url	different_session	absent	artifactExpectation_absent_artifacts_absent	claim_not_started	none	none	event.prior.PollStarted	session.url_mismatch	0	payload.N054.ae-claimed	terminal.poll_failure	session.url_mismatch	false	session.start_unconfirmed	0	false	none	0	0	1	receipt.poll.failure	event.prior.PollStarted,event.ProviderPollFailedR12	diagnostic.persist	legal.N054.ae-claimed	cmd.N054.ae-claimed	stacks/gpt-webai-slot-pool	0	0	state.poll.failed	oracle.receipt.poll.failure.valid	diagnostic.digest.valid
54	poll	exit_0	session.start_unconfirmed	session_url_mismatch	N054.ae-none	ae.none	present_nonempty_unaccepted	conversation_url	different_session	absent	artifactExpectation_absent_artifacts_absent	claim_not_started	none	none	event.prior.PollStarted	session.url_mismatch	0	payload.N054.ae-none	terminal.poll_failure	session.url_mismatch	false	session.start_unconfirmed	0	false	none	0	0	1	receipt.poll.failure	event.prior.PollStarted,event.ProviderPollFailedR12	diagnostic.persist	legal.N054.ae-none	cmd.N054.ae-none	stacks/gpt-webai-slot-pool	0	0	state.poll.failed	oracle.receipt.poll.failure.valid	diagnostic.digest.valid
54	poll	exit_0	session.start_unconfirmed	session_url_mismatch	N054.ae-optional	ae.optional	present_nonempty_unaccepted	conversation_url	different_session	absent	artifactExpectation_absent_artifacts_absent	claim_not_started	none	none	event.prior.PollStarted	session.url_mismatch	0	payload.N054.ae-optional	terminal.poll_failure	session.url_mismatch	false	session.start_unconfirmed	0	false	none	0	0	1	receipt.poll.failure	event.prior.PollStarted,event.ProviderPollFailedR12	diagnostic.persist	legal.N054.ae-optional	cmd.N054.ae-optional	stacks/gpt-webai-slot-pool	0	0	state.poll.failed	oracle.receipt.poll.failure.valid	diagnostic.digest.valid
54	poll	exit_0	session.start_unconfirmed	session_url_mismatch	N054.ae-required	ae.required	present_nonempty_unaccepted	conversation_url	different_session	absent	artifactExpectation_absent_artifacts_absent	claim_not_started	none	none	event.prior.PollStarted	session.url_mismatch	0	payload.N054.ae-required	terminal.poll_failure	session.url_mismatch	false	session.start_unconfirmed	0	false	none	0	0	1	receipt.poll.failure	event.prior.PollStarted,event.ProviderPollFailedR12	diagnostic.persist	legal.N054.ae-required	cmd.N054.ae-required	stacks/gpt-webai-slot-pool	0	0	state.poll.failed	oracle.receipt.poll.failure.valid	diagnostic.digest.valid
55	poll	exit_124	running	timeout_active_or_empty	N055.ae-claimed	ae.claimed	present_nonempty_validated	conversation_url	same_session	absent	artifactExpectation_absent_artifacts_absent	claim_not_started	none	none	event.prior.PollStarted	none	124	payload.N055.ae-claimed	nonterminal.poll_running	none	true	running	0	true	poll	750	until_operation_deadline	1	receipt.poll.progress	event.prior.PollStarted,event.ProviderPollProgressR12	poll.progress.persist	legal.N055.ae-claimed	cmd.N055.ae-claimed	stacks/gpt-webai-slot-pool	124	0	state.poll.running	oracle.receipt.poll.progress.valid	poll.progress.valid
55	poll	exit_124	running	timeout_active_or_empty	N055.ae-none	ae.none	present_nonempty_validated	conversation_url	same_session	absent	artifactExpectation_absent_artifacts_absent	claim_not_started	none	none	event.prior.PollStarted	none	124	payload.N055.ae-none	nonterminal.poll_running	none	true	running	0	true	poll	750	until_operation_deadline	1	receipt.poll.progress	event.prior.PollStarted,event.ProviderPollProgressR12	poll.progress.persist	legal.N055.ae-none	cmd.N055.ae-none	stacks/gpt-webai-slot-pool	124	0	state.poll.running	oracle.receipt.poll.progress.valid	poll.progress.valid
55	poll	exit_124	running	timeout_active_or_empty	N055.ae-optional	ae.optional	present_nonempty_validated	conversation_url	same_session	absent	artifactExpectation_absent_artifacts_absent	claim_not_started	none	none	event.prior.PollStarted	none	124	payload.N055.ae-optional	nonterminal.poll_running	none	true	running	0	true	poll	750	until_operation_deadline	1	receipt.poll.progress	event.prior.PollStarted,event.ProviderPollProgressR12	poll.progress.persist	legal.N055.ae-optional	cmd.N055.ae-optional	stacks/gpt-webai-slot-pool	124	0	state.poll.running	oracle.receipt.poll.progress.valid	poll.progress.valid
55	poll	exit_124	running	timeout_active_or_empty	N055.ae-required	ae.required	present_nonempty_validated	conversation_url	same_session	absent	artifactExpectation_absent_artifacts_absent	claim_not_started	none	none	event.prior.PollStarted	none	124	payload.N055.ae-required	nonterminal.poll_running	none	true	running	0	true	poll	750	until_operation_deadline	1	receipt.poll.progress	event.prior.PollStarted,event.ProviderPollProgressR12	poll.progress.persist	legal.N055.ae-required	cmd.N055.ae-required	stacks/gpt-webai-slot-pool	124	0	state.poll.running	oracle.receipt.poll.progress.valid	poll.progress.valid
56	poll	exit_124	session.running_unverified	initial_scroll_unverified	N056.ae-claimed	ae.claimed	present_nonempty_validated	conversation_url	same_session	absent	artifactExpectation_absent_artifacts_absent	claim_not_started	none	none	event.prior.PollStarted	visual_failure_reason	124	payload.N056.ae-claimed	nonterminal.poll_running_unverified	visual_failure_reason	false	session.running_unverified	0	true	poll	750	until_operation_deadline	1	receipt.poll.progress	event.prior.PollStarted,event.ProviderPollProgressR12	poll.progress.persist	legal.N056.ae-claimed	cmd.N056.ae-claimed	stacks/gpt-webai-slot-pool	124	0	state.poll.running	oracle.receipt.poll.progress.valid	poll.progress.valid
56	poll	exit_124	session.running_unverified	initial_scroll_unverified	N056.ae-none	ae.none	present_nonempty_validated	conversation_url	same_session	absent	artifactExpectation_absent_artifacts_absent	claim_not_started	none	none	event.prior.PollStarted	visual_failure_reason	124	payload.N056.ae-none	nonterminal.poll_running_unverified	visual_failure_reason	false	session.running_unverified	0	true	poll	750	until_operation_deadline	1	receipt.poll.progress	event.prior.PollStarted,event.ProviderPollProgressR12	poll.progress.persist	legal.N056.ae-none	cmd.N056.ae-none	stacks/gpt-webai-slot-pool	124	0	state.poll.running	oracle.receipt.poll.progress.valid	poll.progress.valid
56	poll	exit_124	session.running_unverified	initial_scroll_unverified	N056.ae-optional	ae.optional	present_nonempty_validated	conversation_url	same_session	absent	artifactExpectation_absent_artifacts_absent	claim_not_started	none	none	event.prior.PollStarted	visual_failure_reason	124	payload.N056.ae-optional	nonterminal.poll_running_unverified	visual_failure_reason	false	session.running_unverified	0	true	poll	750	until_operation_deadline	1	receipt.poll.progress	event.prior.PollStarted,event.ProviderPollProgressR12	poll.progress.persist	legal.N056.ae-optional	cmd.N056.ae-optional	stacks/gpt-webai-slot-pool	124	0	state.poll.running	oracle.receipt.poll.progress.valid	poll.progress.valid
56	poll	exit_124	session.running_unverified	initial_scroll_unverified	N056.ae-required	ae.required	present_nonempty_validated	conversation_url	same_session	absent	artifactExpectation_absent_artifacts_absent	claim_not_started	none	none	event.prior.PollStarted	visual_failure_reason	124	payload.N056.ae-required	nonterminal.poll_running_unverified	visual_failure_reason	false	session.running_unverified	0	true	poll	750	until_operation_deadline	1	receipt.poll.progress	event.prior.PollStarted,event.ProviderPollProgressR12	poll.progress.persist	legal.N056.ae-required	cmd.N056.ae-required	stacks/gpt-webai-slot-pool	124	0	state.poll.running	oracle.receipt.poll.progress.valid	poll.progress.valid
57	poll	exit_124	session.running_unverified	timeout_running_scroll_unverified	N057.ae-claimed.answer-absent	ae.claimed	present_nonempty_validated	conversation_url	same_session	absent	artifactExpectation_absent_artifacts_absent	claim_not_started	none	none	event.prior.PollStarted	visual_failure_reason	124	payload.N057.ae-claimed.answer-absent	nonterminal.poll_running_unverified	visual_failure_reason	false	session.running_unverified	0	true	poll	750	until_operation_deadline	1	receipt.poll.progress	event.prior.PollStarted,event.ProviderPollProgressR12	poll.progress.persist	legal.N057.ae-claimed.answer-absent	cmd.N057.ae-claimed.answer-absent	stacks/gpt-webai-slot-pool	124	0	state.poll.running	oracle.receipt.poll.progress.valid	poll.progress.valid
57	poll	exit_124	session.running_unverified	timeout_running_scroll_unverified	N057.ae-claimed.answer-present	ae.claimed	present_nonempty_validated	conversation_url	same_session	present_nonempty	artifactExpectation_absent_artifacts_absent	claim_not_started	none	none	event.prior.PollStarted	visual_failure_reason	124	payload.N057.ae-claimed.answer-present	nonterminal.poll_running_unverified	visual_failure_reason	false	session.running_unverified	0	true	poll	750	until_operation_deadline	1	receipt.poll.progress	event.prior.PollStarted,event.ProviderPollProgressR12	poll.progress.persist	legal.N057.ae-claimed.answer-present	cmd.N057.ae-claimed.answer-present	stacks/gpt-webai-slot-pool	124	0	state.poll.running	oracle.receipt.poll.progress.valid	poll.progress.valid
57	poll	exit_124	session.running_unverified	timeout_running_scroll_unverified	N057.ae-none.answer-absent	ae.none	present_nonempty_validated	conversation_url	same_session	absent	artifactExpectation_absent_artifacts_absent	claim_not_started	none	none	event.prior.PollStarted	visual_failure_reason	124	payload.N057.ae-none.answer-absent	nonterminal.poll_running_unverified	visual_failure_reason	false	session.running_unverified	0	true	poll	750	until_operation_deadline	1	receipt.poll.progress	event.prior.PollStarted,event.ProviderPollProgressR12	poll.progress.persist	legal.N057.ae-none.answer-absent	cmd.N057.ae-none.answer-absent	stacks/gpt-webai-slot-pool	124	0	state.poll.running	oracle.receipt.poll.progress.valid	poll.progress.valid
57	poll	exit_124	session.running_unverified	timeout_running_scroll_unverified	N057.ae-none.answer-present	ae.none	present_nonempty_validated	conversation_url	same_session	present_nonempty	artifactExpectation_absent_artifacts_absent	claim_not_started	none	none	event.prior.PollStarted	visual_failure_reason	124	payload.N057.ae-none.answer-present	nonterminal.poll_running_unverified	visual_failure_reason	false	session.running_unverified	0	true	poll	750	until_operation_deadline	1	receipt.poll.progress	event.prior.PollStarted,event.ProviderPollProgressR12	poll.progress.persist	legal.N057.ae-none.answer-present	cmd.N057.ae-none.answer-present	stacks/gpt-webai-slot-pool	124	0	state.poll.running	oracle.receipt.poll.progress.valid	poll.progress.valid
57	poll	exit_124	session.running_unverified	timeout_running_scroll_unverified	N057.ae-optional.answer-absent	ae.optional	present_nonempty_validated	conversation_url	same_session	absent	artifactExpectation_absent_artifacts_absent	claim_not_started	none	none	event.prior.PollStarted	visual_failure_reason	124	payload.N057.ae-optional.answer-absent	nonterminal.poll_running_unverified	visual_failure_reason	false	session.running_unverified	0	true	poll	750	until_operation_deadline	1	receipt.poll.progress	event.prior.PollStarted,event.ProviderPollProgressR12	poll.progress.persist	legal.N057.ae-optional.answer-absent	cmd.N057.ae-optional.answer-absent	stacks/gpt-webai-slot-pool	124	0	state.poll.running	oracle.receipt.poll.progress.valid	poll.progress.valid
57	poll	exit_124	session.running_unverified	timeout_running_scroll_unverified	N057.ae-optional.answer-present	ae.optional	present_nonempty_validated	conversation_url	same_session	present_nonempty	artifactExpectation_absent_artifacts_absent	claim_not_started	none	none	event.prior.PollStarted	visual_failure_reason	124	payload.N057.ae-optional.answer-present	nonterminal.poll_running_unverified	visual_failure_reason	false	session.running_unverified	0	true	poll	750	until_operation_deadline	1	receipt.poll.progress	event.prior.PollStarted,event.ProviderPollProgressR12	poll.progress.persist	legal.N057.ae-optional.answer-present	cmd.N057.ae-optional.answer-present	stacks/gpt-webai-slot-pool	124	0	state.poll.running	oracle.receipt.poll.progress.valid	poll.progress.valid
57	poll	exit_124	session.running_unverified	timeout_running_scroll_unverified	N057.ae-required.answer-absent	ae.required	present_nonempty_validated	conversation_url	same_session	absent	artifactExpectation_absent_artifacts_absent	claim_not_started	none	none	event.prior.PollStarted	visual_failure_reason	124	payload.N057.ae-required.answer-absent	nonterminal.poll_running_unverified	visual_failure_reason	false	session.running_unverified	0	true	poll	750	until_operation_deadline	1	receipt.poll.progress	event.prior.PollStarted,event.ProviderPollProgressR12	poll.progress.persist	legal.N057.ae-required.answer-absent	cmd.N057.ae-required.answer-absent	stacks/gpt-webai-slot-pool	124	0	state.poll.running	oracle.receipt.poll.progress.valid	poll.progress.valid
57	poll	exit_124	session.running_unverified	timeout_running_scroll_unverified	N057.ae-required.answer-present	ae.required	present_nonempty_validated	conversation_url	same_session	present_nonempty	artifactExpectation_absent_artifacts_absent	claim_not_started	none	none	event.prior.PollStarted	visual_failure_reason	124	payload.N057.ae-required.answer-present	nonterminal.poll_running_unverified	visual_failure_reason	false	session.running_unverified	0	true	poll	750	until_operation_deadline	1	receipt.poll.progress	event.prior.PollStarted,event.ProviderPollProgressR12	poll.progress.persist	legal.N057.ae-required.answer-present	cmd.N057.ae-required.answer-present	stacks/gpt-webai-slot-pool	124	0	state.poll.running	oracle.receipt.poll.progress.valid	poll.progress.valid
58	poll	exit_2	provider.schema_drift	missing_session	N058.ae-claimed	ae.claimed	absent	none	none	absent	artifactExpectation_absent_artifacts_absent	claim_not_started	none	none	none	provider.schema_drift	2	payload.N058.ae-claimed	terminal.poll_failure	provider.schema_drift	false	provider.schema_drift	70	false	none	0	0	1	receipt.failure.provider	none	diagnostic.persist	legal.N058.ae-claimed	cmd.N058.ae-claimed	stacks/gpt-webai-slot-pool	2	70	state.unchanged	oracle.receipt.failure.provider.valid	diagnostic.no_artifact.valid
58	poll	exit_2	provider.schema_drift	missing_session	N058.ae-none	ae.none	absent	none	none	absent	artifactExpectation_absent_artifacts_absent	claim_not_started	none	none	none	provider.schema_drift	2	payload.N058.ae-none	terminal.poll_failure	provider.schema_drift	false	provider.schema_drift	70	false	none	0	0	1	receipt.failure.provider	none	diagnostic.persist	legal.N058.ae-none	cmd.N058.ae-none	stacks/gpt-webai-slot-pool	2	70	state.unchanged	oracle.receipt.failure.provider.valid	diagnostic.no_artifact.valid
58	poll	exit_2	provider.schema_drift	missing_session	N058.ae-optional	ae.optional	absent	none	none	absent	artifactExpectation_absent_artifacts_absent	claim_not_started	none	none	none	provider.schema_drift	2	payload.N058.ae-optional	terminal.poll_failure	provider.schema_drift	false	provider.schema_drift	70	false	none	0	0	1	receipt.failure.provider	none	diagnostic.persist	legal.N058.ae-optional	cmd.N058.ae-optional	stacks/gpt-webai-slot-pool	2	70	state.unchanged	oracle.receipt.failure.provider.valid	diagnostic.no_artifact.valid
58	poll	exit_2	provider.schema_drift	missing_session	N058.ae-required	ae.required	absent	none	none	absent	artifactExpectation_absent_artifacts_absent	claim_not_started	none	none	none	provider.schema_drift	2	payload.N058.ae-required	terminal.poll_failure	provider.schema_drift	false	provider.schema_drift	70	false	none	0	0	1	receipt.failure.provider	none	diagnostic.persist	legal.N058.ae-required	cmd.N058.ae-required	stacks/gpt-webai-slot-pool	2	70	state.unchanged	oracle.receipt.failure.provider.valid	diagnostic.no_artifact.valid
59	poll	invocation_error	not_applicable	invocation_contract_invalid_artifact	N059.ae-claimed	ae.claimed	request_present_provider_payload_absent	none	none	none	none	claim_not_started	none	none	none	provider.contract.invalid_artifact	none	payload.N059.ae-claimed	terminal.invocation_failure	provider.contract.invalid_artifact	false	failed	70	false	none	0	0	1	receipt.failure.invocation	none	diagnostic.persist	legal.N059.ae-claimed	cmd.N059.ae-claimed	stacks/gpt-webai-slot-pool	none	70	state.unchanged	oracle.receipt.failure.invocation.valid	diagnostic.digest.valid
59	poll	invocation_error	not_applicable	invocation_contract_invalid_artifact	N059.ae-none	ae.none	request_present_provider_payload_absent	none	none	none	none	claim_not_started	none	none	none	provider.contract.invalid_artifact	none	payload.N059.ae-none	terminal.invocation_failure	provider.contract.invalid_artifact	false	failed	70	false	none	0	0	1	receipt.failure.invocation	none	diagnostic.persist	legal.N059.ae-none	cmd.N059.ae-none	stacks/gpt-webai-slot-pool	none	70	state.unchanged	oracle.receipt.failure.invocation.valid	diagnostic.digest.valid
59	poll	invocation_error	not_applicable	invocation_contract_invalid_artifact	N059.ae-optional	ae.optional	request_present_provider_payload_absent	none	none	none	none	claim_not_started	none	none	none	provider.contract.invalid_artifact	none	payload.N059.ae-optional	terminal.invocation_failure	provider.contract.invalid_artifact	false	failed	70	false	none	0	0	1	receipt.failure.invocation	none	diagnostic.persist	legal.N059.ae-optional	cmd.N059.ae-optional	stacks/gpt-webai-slot-pool	none	70	state.unchanged	oracle.receipt.failure.invocation.valid	diagnostic.digest.valid
59	poll	invocation_error	not_applicable	invocation_contract_invalid_artifact	N059.ae-required	ae.required	request_present_provider_payload_absent	none	none	none	none	claim_not_started	none	none	none	provider.contract.invalid_artifact	none	payload.N059.ae-required	terminal.invocation_failure	provider.contract.invalid_artifact	false	failed	70	false	none	0	0	1	receipt.failure.invocation	none	diagnostic.persist	legal.N059.ae-required	cmd.N059.ae-required	stacks/gpt-webai-slot-pool	none	70	state.unchanged	oracle.receipt.failure.invocation.valid	diagnostic.digest.valid
60	poll	invocation_error	not_applicable	invocation_contract_invalid_field	N060.ae-claimed	ae.claimed	request_present_provider_payload_absent	none	none	none	none	claim_not_started	none	none	none	provider.contract.invalid_field	none	payload.N060.ae-claimed	terminal.invocation_failure	provider.contract.invalid_field	false	failed	70	false	none	0	0	1	receipt.failure.invocation	none	diagnostic.persist	legal.N060.ae-claimed	cmd.N060.ae-claimed	stacks/gpt-webai-slot-pool	none	70	state.unchanged	oracle.receipt.failure.invocation.valid	diagnostic.digest.valid
60	poll	invocation_error	not_applicable	invocation_contract_invalid_field	N060.ae-none	ae.none	request_present_provider_payload_absent	none	none	none	none	claim_not_started	none	none	none	provider.contract.invalid_field	none	payload.N060.ae-none	terminal.invocation_failure	provider.contract.invalid_field	false	failed	70	false	none	0	0	1	receipt.failure.invocation	none	diagnostic.persist	legal.N060.ae-none	cmd.N060.ae-none	stacks/gpt-webai-slot-pool	none	70	state.unchanged	oracle.receipt.failure.invocation.valid	diagnostic.digest.valid
60	poll	invocation_error	not_applicable	invocation_contract_invalid_field	N060.ae-optional	ae.optional	request_present_provider_payload_absent	none	none	none	none	claim_not_started	none	none	none	provider.contract.invalid_field	none	payload.N060.ae-optional	terminal.invocation_failure	provider.contract.invalid_field	false	failed	70	false	none	0	0	1	receipt.failure.invocation	none	diagnostic.persist	legal.N060.ae-optional	cmd.N060.ae-optional	stacks/gpt-webai-slot-pool	none	70	state.unchanged	oracle.receipt.failure.invocation.valid	diagnostic.digest.valid
60	poll	invocation_error	not_applicable	invocation_contract_invalid_field	N060.ae-required	ae.required	request_present_provider_payload_absent	none	none	none	none	claim_not_started	none	none	none	provider.contract.invalid_field	none	payload.N060.ae-required	terminal.invocation_failure	provider.contract.invalid_field	false	failed	70	false	none	0	0	1	receipt.failure.invocation	none	diagnostic.persist	legal.N060.ae-required	cmd.N060.ae-required	stacks/gpt-webai-slot-pool	none	70	state.unchanged	oracle.receipt.failure.invocation.valid	diagnostic.digest.valid
61	poll	invocation_error	not_applicable	invocation_contract_not_object	N061.ae-claimed	ae.claimed	request_present_provider_payload_absent	none	none	none	none	claim_not_started	none	none	none	provider.contract.not_object	none	payload.N061.ae-claimed	terminal.invocation_failure	provider.contract.not_object	false	failed	70	false	none	0	0	1	receipt.failure.invocation	none	diagnostic.persist	legal.N061.ae-claimed	cmd.N061.ae-claimed	stacks/gpt-webai-slot-pool	none	70	state.unchanged	oracle.receipt.failure.invocation.valid	diagnostic.digest.valid
61	poll	invocation_error	not_applicable	invocation_contract_not_object	N061.ae-none	ae.none	request_present_provider_payload_absent	none	none	none	none	claim_not_started	none	none	none	provider.contract.not_object	none	payload.N061.ae-none	terminal.invocation_failure	provider.contract.not_object	false	failed	70	false	none	0	0	1	receipt.failure.invocation	none	diagnostic.persist	legal.N061.ae-none	cmd.N061.ae-none	stacks/gpt-webai-slot-pool	none	70	state.unchanged	oracle.receipt.failure.invocation.valid	diagnostic.digest.valid
61	poll	invocation_error	not_applicable	invocation_contract_not_object	N061.ae-optional	ae.optional	request_present_provider_payload_absent	none	none	none	none	claim_not_started	none	none	none	provider.contract.not_object	none	payload.N061.ae-optional	terminal.invocation_failure	provider.contract.not_object	false	failed	70	false	none	0	0	1	receipt.failure.invocation	none	diagnostic.persist	legal.N061.ae-optional	cmd.N061.ae-optional	stacks/gpt-webai-slot-pool	none	70	state.unchanged	oracle.receipt.failure.invocation.valid	diagnostic.digest.valid
61	poll	invocation_error	not_applicable	invocation_contract_not_object	N061.ae-required	ae.required	request_present_provider_payload_absent	none	none	none	none	claim_not_started	none	none	none	provider.contract.not_object	none	payload.N061.ae-required	terminal.invocation_failure	provider.contract.not_object	false	failed	70	false	none	0	0	1	receipt.failure.invocation	none	diagnostic.persist	legal.N061.ae-required	cmd.N061.ae-required	stacks/gpt-webai-slot-pool	none	70	state.unchanged	oracle.receipt.failure.invocation.valid	diagnostic.digest.valid
62	poll	invocation_error	not_applicable	invocation_contract_unknown_status	N062.ae-claimed	ae.claimed	request_present_provider_payload_absent	none	none	none	none	claim_not_started	none	none	none	provider.contract.unknown_status	none	payload.N062.ae-claimed	terminal.invocation_failure	provider.contract.unknown_status	false	failed	70	false	none	0	0	1	receipt.failure.invocation	none	diagnostic.persist	legal.N062.ae-claimed	cmd.N062.ae-claimed	stacks/gpt-webai-slot-pool	none	70	state.unchanged	oracle.receipt.failure.invocation.valid	diagnostic.digest.valid
62	poll	invocation_error	not_applicable	invocation_contract_unknown_status	N062.ae-none	ae.none	request_present_provider_payload_absent	none	none	none	none	claim_not_started	none	none	none	provider.contract.unknown_status	none	payload.N062.ae-none	terminal.invocation_failure	provider.contract.unknown_status	false	failed	70	false	none	0	0	1	receipt.failure.invocation	none	diagnostic.persist	legal.N062.ae-none	cmd.N062.ae-none	stacks/gpt-webai-slot-pool	none	70	state.unchanged	oracle.receipt.failure.invocation.valid	diagnostic.digest.valid
62	poll	invocation_error	not_applicable	invocation_contract_unknown_status	N062.ae-optional	ae.optional	request_present_provider_payload_absent	none	none	none	none	claim_not_started	none	none	none	provider.contract.unknown_status	none	payload.N062.ae-optional	terminal.invocation_failure	provider.contract.unknown_status	false	failed	70	false	none	0	0	1	receipt.failure.invocation	none	diagnostic.persist	legal.N062.ae-optional	cmd.N062.ae-optional	stacks/gpt-webai-slot-pool	none	70	state.unchanged	oracle.receipt.failure.invocation.valid	diagnostic.digest.valid
62	poll	invocation_error	not_applicable	invocation_contract_unknown_status	N062.ae-required	ae.required	request_present_provider_payload_absent	none	none	none	none	claim_not_started	none	none	none	provider.contract.unknown_status	none	payload.N062.ae-required	terminal.invocation_failure	provider.contract.unknown_status	false	failed	70	false	none	0	0	1	receipt.failure.invocation	none	diagnostic.persist	legal.N062.ae-required	cmd.N062.ae-required	stacks/gpt-webai-slot-pool	none	70	state.unchanged	oracle.receipt.failure.invocation.valid	diagnostic.digest.valid
63	poll	invocation_error	not_applicable	invocation_invalid_json	N063.ae-claimed	ae.claimed	request_present_provider_payload_absent	none	none	none	none	claim_not_started	none	none	none	provider.invalid_json	none	payload.N063.ae-claimed	terminal.invocation_failure	provider.invalid_json	false	failed	70	false	none	0	0	1	receipt.failure.invocation	none	diagnostic.persist	legal.N063.ae-claimed	cmd.N063.ae-claimed	stacks/gpt-webai-slot-pool	none	70	state.unchanged	oracle.receipt.failure.invocation.valid	diagnostic.digest.valid
63	poll	invocation_error	not_applicable	invocation_invalid_json	N063.ae-none	ae.none	request_present_provider_payload_absent	none	none	none	none	claim_not_started	none	none	none	provider.invalid_json	none	payload.N063.ae-none	terminal.invocation_failure	provider.invalid_json	false	failed	70	false	none	0	0	1	receipt.failure.invocation	none	diagnostic.persist	legal.N063.ae-none	cmd.N063.ae-none	stacks/gpt-webai-slot-pool	none	70	state.unchanged	oracle.receipt.failure.invocation.valid	diagnostic.digest.valid
63	poll	invocation_error	not_applicable	invocation_invalid_json	N063.ae-optional	ae.optional	request_present_provider_payload_absent	none	none	none	none	claim_not_started	none	none	none	provider.invalid_json	none	payload.N063.ae-optional	terminal.invocation_failure	provider.invalid_json	false	failed	70	false	none	0	0	1	receipt.failure.invocation	none	diagnostic.persist	legal.N063.ae-optional	cmd.N063.ae-optional	stacks/gpt-webai-slot-pool	none	70	state.unchanged	oracle.receipt.failure.invocation.valid	diagnostic.digest.valid
63	poll	invocation_error	not_applicable	invocation_invalid_json	N063.ae-required	ae.required	request_present_provider_payload_absent	none	none	none	none	claim_not_started	none	none	none	provider.invalid_json	none	payload.N063.ae-required	terminal.invocation_failure	provider.invalid_json	false	failed	70	false	none	0	0	1	receipt.failure.invocation	none	diagnostic.persist	legal.N063.ae-required	cmd.N063.ae-required	stacks/gpt-webai-slot-pool	none	70	state.unchanged	oracle.receipt.failure.invocation.valid	diagnostic.digest.valid
64	poll	invocation_error	not_applicable	invocation_io_error	N064.ae-claimed	ae.claimed	request_present_provider_payload_absent	none	none	none	none	claim_not_started	none	none	none	provider.io_error	none	payload.N064.ae-claimed	terminal.invocation_failure	provider.io_error	false	failed	70	false	none	0	0	1	receipt.failure.invocation	none	diagnostic.persist	legal.N064.ae-claimed	cmd.N064.ae-claimed	stacks/gpt-webai-slot-pool	none	70	state.unchanged	oracle.receipt.failure.invocation.valid	diagnostic.digest.valid
64	poll	invocation_error	not_applicable	invocation_io_error	N064.ae-none	ae.none	request_present_provider_payload_absent	none	none	none	none	claim_not_started	none	none	none	provider.io_error	none	payload.N064.ae-none	terminal.invocation_failure	provider.io_error	false	failed	70	false	none	0	0	1	receipt.failure.invocation	none	diagnostic.persist	legal.N064.ae-none	cmd.N064.ae-none	stacks/gpt-webai-slot-pool	none	70	state.unchanged	oracle.receipt.failure.invocation.valid	diagnostic.digest.valid
64	poll	invocation_error	not_applicable	invocation_io_error	N064.ae-optional	ae.optional	request_present_provider_payload_absent	none	none	none	none	claim_not_started	none	none	none	provider.io_error	none	payload.N064.ae-optional	terminal.invocation_failure	provider.io_error	false	failed	70	false	none	0	0	1	receipt.failure.invocation	none	diagnostic.persist	legal.N064.ae-optional	cmd.N064.ae-optional	stacks/gpt-webai-slot-pool	none	70	state.unchanged	oracle.receipt.failure.invocation.valid	diagnostic.digest.valid
64	poll	invocation_error	not_applicable	invocation_io_error	N064.ae-required	ae.required	request_present_provider_payload_absent	none	none	none	none	claim_not_started	none	none	none	provider.io_error	none	payload.N064.ae-required	terminal.invocation_failure	provider.io_error	false	failed	70	false	none	0	0	1	receipt.failure.invocation	none	diagnostic.persist	legal.N064.ae-required	cmd.N064.ae-required	stacks/gpt-webai-slot-pool	none	70	state.unchanged	oracle.receipt.failure.invocation.valid	diagnostic.digest.valid
65	poll	invocation_error	not_applicable	invocation_stderr_too_large	N065.ae-claimed	ae.claimed	request_present_provider_payload_absent	none	none	none	none	claim_not_started	none	none	none	provider.stderr_too_large	none	payload.N065.ae-claimed	terminal.invocation_failure	provider.stderr_too_large	false	failed	70	false	none	0	0	1	receipt.failure.invocation	none	diagnostic.persist	legal.N065.ae-claimed	cmd.N065.ae-claimed	stacks/gpt-webai-slot-pool	none	70	state.unchanged	oracle.receipt.failure.invocation.valid	diagnostic.digest.valid
65	poll	invocation_error	not_applicable	invocation_stderr_too_large	N065.ae-none	ae.none	request_present_provider_payload_absent	none	none	none	none	claim_not_started	none	none	none	provider.stderr_too_large	none	payload.N065.ae-none	terminal.invocation_failure	provider.stderr_too_large	false	failed	70	false	none	0	0	1	receipt.failure.invocation	none	diagnostic.persist	legal.N065.ae-none	cmd.N065.ae-none	stacks/gpt-webai-slot-pool	none	70	state.unchanged	oracle.receipt.failure.invocation.valid	diagnostic.digest.valid
65	poll	invocation_error	not_applicable	invocation_stderr_too_large	N065.ae-optional	ae.optional	request_present_provider_payload_absent	none	none	none	none	claim_not_started	none	none	none	provider.stderr_too_large	none	payload.N065.ae-optional	terminal.invocation_failure	provider.stderr_too_large	false	failed	70	false	none	0	0	1	receipt.failure.invocation	none	diagnostic.persist	legal.N065.ae-optional	cmd.N065.ae-optional	stacks/gpt-webai-slot-pool	none	70	state.unchanged	oracle.receipt.failure.invocation.valid	diagnostic.digest.valid
65	poll	invocation_error	not_applicable	invocation_stderr_too_large	N065.ae-required	ae.required	request_present_provider_payload_absent	none	none	none	none	claim_not_started	none	none	none	provider.stderr_too_large	none	payload.N065.ae-required	terminal.invocation_failure	provider.stderr_too_large	false	failed	70	false	none	0	0	1	receipt.failure.invocation	none	diagnostic.persist	legal.N065.ae-required	cmd.N065.ae-required	stacks/gpt-webai-slot-pool	none	70	state.unchanged	oracle.receipt.failure.invocation.valid	diagnostic.digest.valid
66	poll	invocation_error	not_applicable	invocation_stdout_too_large	N066.ae-claimed	ae.claimed	request_present_provider_payload_absent	none	none	none	none	claim_not_started	none	none	none	provider.stdout_too_large	none	payload.N066.ae-claimed	terminal.invocation_failure	provider.stdout_too_large	false	failed	70	false	none	0	0	1	receipt.failure.invocation	none	diagnostic.persist	legal.N066.ae-claimed	cmd.N066.ae-claimed	stacks/gpt-webai-slot-pool	none	70	state.unchanged	oracle.receipt.failure.invocation.valid	diagnostic.digest.valid
66	poll	invocation_error	not_applicable	invocation_stdout_too_large	N066.ae-none	ae.none	request_present_provider_payload_absent	none	none	none	none	claim_not_started	none	none	none	provider.stdout_too_large	none	payload.N066.ae-none	terminal.invocation_failure	provider.stdout_too_large	false	failed	70	false	none	0	0	1	receipt.failure.invocation	none	diagnostic.persist	legal.N066.ae-none	cmd.N066.ae-none	stacks/gpt-webai-slot-pool	none	70	state.unchanged	oracle.receipt.failure.invocation.valid	diagnostic.digest.valid
66	poll	invocation_error	not_applicable	invocation_stdout_too_large	N066.ae-optional	ae.optional	request_present_provider_payload_absent	none	none	none	none	claim_not_started	none	none	none	provider.stdout_too_large	none	payload.N066.ae-optional	terminal.invocation_failure	provider.stdout_too_large	false	failed	70	false	none	0	0	1	receipt.failure.invocation	none	diagnostic.persist	legal.N066.ae-optional	cmd.N066.ae-optional	stacks/gpt-webai-slot-pool	none	70	state.unchanged	oracle.receipt.failure.invocation.valid	diagnostic.digest.valid
66	poll	invocation_error	not_applicable	invocation_stdout_too_large	N066.ae-required	ae.required	request_present_provider_payload_absent	none	none	none	none	claim_not_started	none	none	none	provider.stdout_too_large	none	payload.N066.ae-required	terminal.invocation_failure	provider.stdout_too_large	false	failed	70	false	none	0	0	1	receipt.failure.invocation	none	diagnostic.persist	legal.N066.ae-required	cmd.N066.ae-required	stacks/gpt-webai-slot-pool	none	70	state.unchanged	oracle.receipt.failure.invocation.valid	diagnostic.digest.valid
67	poll	invocation_error	not_applicable	invocation_timeout	N067.ae-claimed	ae.claimed	request_present_provider_payload_absent	none	none	none	none	claim_not_started	none	none	none	provider.timeout	none	payload.N067.ae-claimed	terminal.invocation_failure	provider.timeout	false	failed	70	false	none	0	0	1	receipt.failure.invocation	none	diagnostic.persist	legal.N067.ae-claimed	cmd.N067.ae-claimed	stacks/gpt-webai-slot-pool	none	70	state.unchanged	oracle.receipt.failure.invocation.valid	diagnostic.digest.valid
67	poll	invocation_error	not_applicable	invocation_timeout	N067.ae-none	ae.none	request_present_provider_payload_absent	none	none	none	none	claim_not_started	none	none	none	provider.timeout	none	payload.N067.ae-none	terminal.invocation_failure	provider.timeout	false	failed	70	false	none	0	0	1	receipt.failure.invocation	none	diagnostic.persist	legal.N067.ae-none	cmd.N067.ae-none	stacks/gpt-webai-slot-pool	none	70	state.unchanged	oracle.receipt.failure.invocation.valid	diagnostic.digest.valid
67	poll	invocation_error	not_applicable	invocation_timeout	N067.ae-optional	ae.optional	request_present_provider_payload_absent	none	none	none	none	claim_not_started	none	none	none	provider.timeout	none	payload.N067.ae-optional	terminal.invocation_failure	provider.timeout	false	failed	70	false	none	0	0	1	receipt.failure.invocation	none	diagnostic.persist	legal.N067.ae-optional	cmd.N067.ae-optional	stacks/gpt-webai-slot-pool	none	70	state.unchanged	oracle.receipt.failure.invocation.valid	diagnostic.digest.valid
67	poll	invocation_error	not_applicable	invocation_timeout	N067.ae-required	ae.required	request_present_provider_payload_absent	none	none	none	none	claim_not_started	none	none	none	provider.timeout	none	payload.N067.ae-required	terminal.invocation_failure	provider.timeout	false	failed	70	false	none	0	0	1	receipt.failure.invocation	none	diagnostic.persist	legal.N067.ae-required	cmd.N067.ae-required	stacks/gpt-webai-slot-pool	none	70	state.unchanged	oracle.receipt.failure.invocation.valid	diagnostic.digest.valid
68	send	exit_0	attachment_unavailable	attachment_unavailable	N068.base	none	absent	diagnostic_url	unvalidated	absent	artifacts_absent	none	none	none	event.prior.UploadStarted	provider.attachment_unavailable	0	payload.N068.base	terminal.send_failure	provider.attachment_unavailable	false	attachment_unavailable	0	false	none	0	0	1	receipt.failure.provider	event.prior.UploadStarted,event.ProviderUploadFailedR12	diagnostic.persist	legal.N068.base	cmd.N068.base	stacks/gpt-webai-slot-pool	0	0	state.upload.failed	oracle.receipt.failure.provider.valid	diagnostic.digest.valid
69	send	exit_0	login_required	readiness_login_required	N069.base	none	absent	diagnostic_url	unvalidated	absent	artifacts_absent	none	none	none	event.prior.SlotHealthProbeStarted	auth.needs_login	0	payload.N069.base	terminal.send_failure	auth.needs_login	false	login_required	0	false	none	0	0	1	receipt.failure.provider	event.prior.SlotHealthProbeStarted,event.ProviderSlotHealthUpdatedR12	health.projection.persist	legal.N069.base	cmd.N069.base	stacks/gpt-webai-slot-pool	0	0	state.health.login_required	oracle.receipt.failure.provider.valid	health.projection.valid
70	send	exit_0	model.selection_mismatch	model_control_unverified	N070.base	none	absent	diagnostic_url	unvalidated	absent	artifacts_absent	none	none	none	event.prior.ModelEnsureStarted	model.selection_unverified	0	payload.N070.base	terminal.send_failure	model.selection_unverified	false	model.selection_mismatch	0	false	none	0	0	1	receipt.failure.provider	event.prior.ModelEnsureStarted,event.ProviderModelEnsureFailedR12	diagnostic.persist	legal.N070.base	cmd.N070.base	stacks/gpt-webai-slot-pool	0	0	state.model.failed	oracle.receipt.failure.provider.valid	diagnostic.digest.valid
71	send	exit_0	model.selection_mismatch	model_selection_mismatch	N071.base	none	absent	diagnostic_url	unvalidated	absent	artifacts_absent	none	none	none	event.prior.ModelEnsureStarted	model.selection_mismatch	0	payload.N071.base	terminal.send_failure	model.selection_mismatch	false	model.selection_mismatch	0	false	none	0	0	1	receipt.failure.provider	event.prior.ModelEnsureStarted,event.ProviderModelEnsureFailedR12	diagnostic.persist	legal.N071.base	cmd.N071.base	stacks/gpt-webai-slot-pool	0	0	state.model.failed	oracle.receipt.failure.provider.valid	diagnostic.digest.valid
72	send	exit_0	provider_limit	readiness_provider_limit	N072.base	none	absent	diagnostic_url	unvalidated	absent	artifacts_absent	none	none	none	event.prior.SlotHealthProbeStarted	provider.limit	0	payload.N072.base	terminal.send_failure	provider.limit	false	provider_limit	0	false	none	0	0	1	receipt.failure.provider	event.prior.SlotHealthProbeStarted,event.ProviderSlotHealthUpdatedR12	health.projection.persist	legal.N072.base	cmd.N072.base	stacks/gpt-webai-slot-pool	0	0	state.health.provider_limit	oracle.receipt.failure.provider.valid	health.projection.valid
73	send	exit_0	sent	sent	N073.send-clicked	none	present_nonempty_validated	conversation_url	same_session	absent	artifacts_absent	none	send_clicked	receipt.send.pre_click	event.prior.SendClickArmed	none	0	payload.N073.send-clicked	nonterminal.send_success	none	true	sent	0	false	none	0	0	3	receipt.send.pre_click,receipt.send.post_click,receipt.send.start	event.prior.SendClickArmed,event.ProviderSendClickedR12,event.ProviderTurnStartConfirmedR12,event.ProviderSessionBindingEstablishedR12,event.ProviderRunningProjectedR12	session.binding.persist	legal.N073.send-clicked	cmd.N073.send-clicked	stacks/gpt-webai-slot-pool	0	0	state.request.running	oracle.receipt.send.pre_click.valid,oracle.receipt.send.post_click.valid,oracle.receipt.send.start.valid	session.binding.valid
73	send	exit_0	sent	sent	N073.send-reconciled	none	present_nonempty_validated	conversation_url	same_session	absent	artifacts_absent	none	send_reconciled	receipt.send.pre_click	event.prior.SendClickArmed	none	0	payload.N073.send-reconciled	nonterminal.send_success	none	true	sent	0	false	none	0	0	3	receipt.send.pre_click,receipt.send.reconciled_turn_start,receipt.send.start	event.prior.SendClickArmed,event.ProviderSendReconciledR12,event.ProviderTurnStartConfirmedR12,event.ProviderSessionBindingEstablishedR12,event.ProviderRunningProjectedR12	session.binding.persist	legal.N073.send-reconciled	cmd.N073.send-reconciled	stacks/gpt-webai-slot-pool	0	0	state.request.running	oracle.receipt.send.pre_click.valid,oracle.receipt.send.reconciled_turn_start.valid,oracle.receipt.send.start.valid	session.binding.valid
74	send	exit_0	session.start_unconfirmed	session_start_unconfirmed	N074.base	none	absent	root_or_nonconversation_url	root_no_session	absent	artifacts_absent	none	none	none	event.prior.SendClickArmed	session.start_unconfirmed	0	payload.N074.base	terminal.send_failure	session.start_unconfirmed	false	session.start_unconfirmed	0	false	none	0	0	1	receipt.failure.provider	event.prior.SendClickArmed,event.ProviderSendUncertainR12	diagnostic.persist	legal.N074.base	cmd.N074.base	stacks/gpt-webai-slot-pool	0	0	state.send.uncertain	oracle.receipt.failure.provider.valid	diagnostic.digest.valid
75	send	exit_0	subscription_required	model_subscription_required	N075.base	none	absent	diagnostic_url	unvalidated	absent	artifacts_absent	none	none	none	event.prior.SlotHealthProbeStarted	auth.needs_pro	0	payload.N075.base	terminal.send_failure	auth.needs_pro	false	subscription_required	0	false	none	0	0	1	receipt.failure.provider	event.prior.SlotHealthProbeStarted,event.ProviderSlotHealthUpdatedR12	health.projection.persist	legal.N075.base	cmd.N075.base	stacks/gpt-webai-slot-pool	0	0	state.health.subscription_required	oracle.receipt.failure.provider.valid	health.projection.valid
76	send	exit_0	subscription_required	readiness_subscription_required	N076.base	none	absent	diagnostic_url	unvalidated	absent	artifacts_absent	none	none	none	event.prior.SlotHealthProbeStarted	auth.needs_pro	0	payload.N076.base	terminal.send_failure	auth.needs_pro	false	subscription_required	0	false	none	0	0	1	receipt.failure.provider	event.prior.SlotHealthProbeStarted,event.ProviderSlotHealthUpdatedR12	health.projection.persist	legal.N076.base	cmd.N076.base	stacks/gpt-webai-slot-pool	0	0	state.health.subscription_required	oracle.receipt.failure.provider.valid	health.projection.valid
77	send	exit_2	provider.schema_drift	missing_prompt	N077.base	none	absent	diagnostic_url	unvalidated	absent	artifacts_absent	none	none	none	none	provider.schema_drift	2	payload.N077.base	terminal.send_failure	provider.schema_drift	false	provider.schema_drift	70	false	none	0	0	1	receipt.failure.provider	none	diagnostic.persist	legal.N077.base	cmd.N077.base	stacks/gpt-webai-slot-pool	2	70	state.unchanged	oracle.receipt.failure.provider.valid	diagnostic.digest.valid
78	send	exit_70	unreachable	readiness_unreachable	N078.base	none	absent	diagnostic_url	unvalidated	absent	artifacts_absent	none	none	none	event.prior.SlotHealthProbeStarted	provider.schema_drift	70	payload.N078.base	nonterminal.send_failure	provider.schema_drift	false	unreachable	70	true	runtime	1000	1	1	receipt.failure.provider	event.prior.SlotHealthProbeStarted,event.ProviderSlotHealthUpdatedR12	health.projection.persist	legal.N078.base	cmd.N078.base	stacks/gpt-webai-slot-pool	70	70	state.health.unreachable	oracle.receipt.failure.provider.valid	health.projection.valid
79	send	invocation_error	not_applicable	invocation_contract_invalid_artifact	N079.base	none	request_forbidden_provider_payload_absent	none	none	none	none	none	none	none	none	provider.contract.invalid_artifact	none	payload.N079.base	terminal.invocation_failure	provider.contract.invalid_artifact	false	failed	70	false	none	0	0	1	receipt.failure.invocation	none	diagnostic.persist	legal.N079.base	cmd.N079.base	stacks/gpt-webai-slot-pool	none	70	state.unchanged	oracle.receipt.failure.invocation.valid	diagnostic.digest.valid
80	send	invocation_error	not_applicable	invocation_contract_invalid_field	N080.base	none	request_forbidden_provider_payload_absent	none	none	none	none	none	none	none	none	provider.contract.invalid_field	none	payload.N080.base	terminal.invocation_failure	provider.contract.invalid_field	false	failed	70	false	none	0	0	1	receipt.failure.invocation	none	diagnostic.persist	legal.N080.base	cmd.N080.base	stacks/gpt-webai-slot-pool	none	70	state.unchanged	oracle.receipt.failure.invocation.valid	diagnostic.digest.valid
81	send	invocation_error	not_applicable	invocation_contract_not_object	N081.base	none	request_forbidden_provider_payload_absent	none	none	none	none	none	none	none	none	provider.contract.not_object	none	payload.N081.base	terminal.invocation_failure	provider.contract.not_object	false	failed	70	false	none	0	0	1	receipt.failure.invocation	none	diagnostic.persist	legal.N081.base	cmd.N081.base	stacks/gpt-webai-slot-pool	none	70	state.unchanged	oracle.receipt.failure.invocation.valid	diagnostic.digest.valid
82	send	invocation_error	not_applicable	invocation_contract_unknown_status	N082.base	none	request_forbidden_provider_payload_absent	none	none	none	none	none	none	none	none	provider.contract.unknown_status	none	payload.N082.base	terminal.invocation_failure	provider.contract.unknown_status	false	failed	70	false	none	0	0	1	receipt.failure.invocation	none	diagnostic.persist	legal.N082.base	cmd.N082.base	stacks/gpt-webai-slot-pool	none	70	state.unchanged	oracle.receipt.failure.invocation.valid	diagnostic.digest.valid
83	send	invocation_error	not_applicable	invocation_invalid_json	N083.base	none	request_forbidden_provider_payload_absent	none	none	none	none	none	none	none	none	provider.invalid_json	none	payload.N083.base	terminal.invocation_failure	provider.invalid_json	false	failed	70	false	none	0	0	1	receipt.failure.invocation	none	diagnostic.persist	legal.N083.base	cmd.N083.base	stacks/gpt-webai-slot-pool	none	70	state.unchanged	oracle.receipt.failure.invocation.valid	diagnostic.digest.valid
84	send	invocation_error	not_applicable	invocation_io_error	N084.base	none	request_forbidden_provider_payload_absent	none	none	none	none	none	none	none	none	provider.io_error	none	payload.N084.base	terminal.invocation_failure	provider.io_error	false	failed	70	false	none	0	0	1	receipt.failure.invocation	none	diagnostic.persist	legal.N084.base	cmd.N084.base	stacks/gpt-webai-slot-pool	none	70	state.unchanged	oracle.receipt.failure.invocation.valid	diagnostic.digest.valid
85	send	invocation_error	not_applicable	invocation_stderr_too_large	N085.base	none	request_forbidden_provider_payload_absent	none	none	none	none	none	none	none	none	provider.stderr_too_large	none	payload.N085.base	terminal.invocation_failure	provider.stderr_too_large	false	failed	70	false	none	0	0	1	receipt.failure.invocation	none	diagnostic.persist	legal.N085.base	cmd.N085.base	stacks/gpt-webai-slot-pool	none	70	state.unchanged	oracle.receipt.failure.invocation.valid	diagnostic.digest.valid
86	send	invocation_error	not_applicable	invocation_stdout_too_large	N086.base	none	request_forbidden_provider_payload_absent	none	none	none	none	none	none	none	none	provider.stdout_too_large	none	payload.N086.base	terminal.invocation_failure	provider.stdout_too_large	false	failed	70	false	none	0	0	1	receipt.failure.invocation	none	diagnostic.persist	legal.N086.base	cmd.N086.base	stacks/gpt-webai-slot-pool	none	70	state.unchanged	oracle.receipt.failure.invocation.valid	diagnostic.digest.valid
87	send	invocation_error	not_applicable	invocation_timeout	N087.base	none	request_forbidden_provider_payload_absent	none	none	none	none	none	none	none	none	provider.timeout	none	payload.N087.base	terminal.invocation_failure	provider.timeout	false	failed	70	false	none	0	0	1	receipt.failure.invocation	none	diagnostic.persist	legal.N087.base	cmd.N087.base	stacks/gpt-webai-slot-pool	none	70	state.unchanged	oracle.receipt.failure.invocation.valid	diagnostic.digest.valid
88	session.resume	exit_0	artifact.controls_absent	artifact_controls_absent	N088.base	ae.optional	present_nonempty_validated	conversation_url	same_session	present_nonempty	artifactExpectation_present_ae.optional_artifacts_present_empty	claim_failed_controls_absent	none	receipt.session.resume	event.prior.SessionRebound	artifact.controls_absent	0	payload.N088.base	terminal.resume_failure	artifact.controls_absent	false	artifact.controls_absent	0	false	none	0	0	3	receipt.session.resume,receipt.answer.resume_terminal,receipt.failure.provider	event.prior.SessionRebound,event.ProviderSessionHydrationObservedR12,event.ProviderSessionHydratedR12,event.ProviderAnswerTerminalR12,event.ProviderArtifactClaimEstablishedR12,event.ProviderArtifactControlsAbsentR12,event.ProviderArtifactClaimFailedR12,event.ProviderTerminalPersistedR12	answer.terminal.no_artifact.persist	legal.N088.base	cmd.N088.base	stacks/gpt-webai-slot-pool	0	0	state.request.terminal.artifact_failed	oracle.receipt.session.resume.valid,oracle.receipt.answer.resume_terminal.valid,oracle.receipt.failure.provider.valid	answer.terminal.no_artifact.valid
89	session.resume	exit_0	artifact.download_timeout	artifact_download_timeout	N089.artifact-empty	ae.optional	present_nonempty_validated	conversation_url	same_session	present_nonempty	artifactExpectation_present_ae.optional_artifacts_present_empty	claim_failed_download_timeout	none	receipt.session.resume	event.prior.SessionRebound	artifact.download_timeout	0	payload.N089.artifact-empty	terminal.resume_failure	artifact.download_timeout	false	artifact.download_timeout	0	false	none	0	0	3	receipt.session.resume,receipt.answer.resume_terminal,receipt.failure.provider	event.prior.SessionRebound,event.ProviderSessionHydrationObservedR12,event.ProviderSessionHydratedR12,event.ProviderAnswerTerminalR12,event.ProviderArtifactClaimEstablishedR12,event.ProviderArtifactControlsDiscoveredR12,event.ProviderArtifactDownloadAttemptConsumedR12,event.ProviderArtifactClaimFailedR12,event.ProviderTerminalPersistedR12	answer.terminal.no_artifact.persist	legal.N089.artifact-empty	cmd.N089.artifact-empty	stacks/gpt-webai-slot-pool	0	0	state.request.terminal.artifact_failed	oracle.receipt.session.resume.valid,oracle.receipt.answer.resume_terminal.valid,oracle.receipt.failure.provider.valid	answer.terminal.no_artifact.valid
89	session.resume	exit_0	artifact.download_timeout	artifact_download_timeout	N089.artifact-nonempty	ae.optional	present_nonempty_validated	conversation_url	same_session	present_nonempty	artifactExpectation_present_ae.optional_artifacts_present_nonempty_diagnostic	claim_failed_download_timeout	none	receipt.session.resume	event.prior.SessionRebound	artifact.download_timeout	0	payload.N089.artifact-nonempty	terminal.resume_failure	artifact.download_timeout	false	artifact.download_timeout	0	false	none	0	0	3	receipt.session.resume,receipt.answer.resume_terminal,receipt.failure.provider	event.prior.SessionRebound,event.ProviderSessionHydrationObservedR12,event.ProviderSessionHydratedR12,event.ProviderAnswerTerminalR12,event.ProviderArtifactClaimEstablishedR12,event.ProviderArtifactControlsDiscoveredR12,event.ProviderArtifactDownloadAttemptConsumedR12,event.ProviderArtifactClaimFailedR12,event.ProviderTerminalPersistedR12	answer.terminal.no_artifact.persist	legal.N089.artifact-nonempty	cmd.N089.artifact-nonempty	stacks/gpt-webai-slot-pool	0	0	state.request.terminal.artifact_failed	oracle.receipt.session.resume.valid,oracle.receipt.answer.resume_terminal.valid,oracle.receipt.failure.provider.valid	answer.terminal.no_artifact.valid
90	session.resume	exit_0	artifact.recovery_failed	artifact_recovery_failed	N090.artifact-empty	ae.optional	present_nonempty_validated	conversation_url	same_session	present_nonempty	artifactExpectation_present_ae.optional_artifacts_present_empty	claim_failed_recovery	none	receipt.session.resume	event.prior.SessionRebound	artifact.recovery_failed	0	payload.N090.artifact-empty	terminal.resume_failure	artifact.recovery_failed	false	artifact.recovery_failed	0	false	none	0	0	3	receipt.session.resume,receipt.answer.resume_terminal,receipt.failure.provider	event.prior.SessionRebound,event.ProviderSessionHydrationObservedR12,event.ProviderSessionHydratedR12,event.ProviderAnswerTerminalR12,event.ProviderArtifactClaimEstablishedR12,event.ProviderArtifactControlsDiscoveredR12,event.ProviderArtifactDownloadAttemptConsumedR12,event.ProviderArtifactClaimFailedR12,event.ProviderTerminalPersistedR12	answer.terminal.no_artifact.persist	legal.N090.artifact-empty	cmd.N090.artifact-empty	stacks/gpt-webai-slot-pool	0	0	state.request.terminal.artifact_failed	oracle.receipt.session.resume.valid,oracle.receipt.answer.resume_terminal.valid,oracle.receipt.failure.provider.valid	answer.terminal.no_artifact.valid
90	session.resume	exit_0	artifact.recovery_failed	artifact_recovery_failed	N090.artifact-nonempty	ae.optional	present_nonempty_validated	conversation_url	same_session	present_nonempty	artifactExpectation_present_ae.optional_artifacts_present_nonempty_diagnostic	claim_failed_recovery	none	receipt.session.resume	event.prior.SessionRebound	artifact.recovery_failed	0	payload.N090.artifact-nonempty	terminal.resume_failure	artifact.recovery_failed	false	artifact.recovery_failed	0	false	none	0	0	3	receipt.session.resume,receipt.answer.resume_terminal,receipt.failure.provider	event.prior.SessionRebound,event.ProviderSessionHydrationObservedR12,event.ProviderSessionHydratedR12,event.ProviderAnswerTerminalR12,event.ProviderArtifactClaimEstablishedR12,event.ProviderArtifactControlsDiscoveredR12,event.ProviderArtifactDownloadAttemptConsumedR12,event.ProviderArtifactClaimFailedR12,event.ProviderTerminalPersistedR12	answer.terminal.no_artifact.persist	legal.N090.artifact-nonempty	cmd.N090.artifact-nonempty	stacks/gpt-webai-slot-pool	0	0	state.request.terminal.artifact_failed	oracle.receipt.session.resume.valid,oracle.receipt.answer.resume_terminal.valid,oracle.receipt.failure.provider.valid	answer.terminal.no_artifact.valid
91	session.resume	exit_0	done	done	N091.artifact-nonempty	ae.optional	present_nonempty_validated	conversation_url	same_session	present_nonempty	artifactExpectation_present_ae.optional_artifacts_present_nonempty_saved	claim_satisfied_nonempty_saved	none	receipt.session.resume	event.prior.SessionRebound	none	0	payload.N091.artifact-nonempty	terminal.resume_terminal_success	none	true	done	0	false	none	0	0	3	receipt.session.resume,receipt.answer.resume_terminal,receipt.artifact.resume_terminal	event.prior.SessionRebound,event.ProviderSessionHydrationObservedR12,event.ProviderSessionHydratedR12,event.ProviderAnswerTerminalR12,event.ProviderArtifactClaimEstablishedR12,event.ProviderArtifactControlsDiscoveredR12,event.ProviderArtifactDownloadAttemptConsumedR12,event.ProviderArtifactDownloadCompletedR12,event.ProviderArtifactClaimCompletedR12,event.ProviderTerminalPersistedR12	artifact.bundle.persist	legal.N091.artifact-nonempty	cmd.N091.artifact-nonempty	stacks/gpt-webai-slot-pool	0	0	state.request.terminal.artifact_complete	oracle.receipt.session.resume.valid,oracle.receipt.answer.resume_terminal.valid,oracle.receipt.artifact.resume_terminal.valid	artifact.side_effect.resume.positive
91	session.resume	exit_0	done	done	N091.artifact-zero	ae.optional	present_nonempty_validated	conversation_url	same_session	present_nonempty	artifactExpectation_present_ae.optional_artifacts_absent	claim_satisfied_zero_optional_unclaimed	none	receipt.session.resume	event.prior.SessionRebound	none	0	payload.N091.artifact-zero	terminal.resume_terminal_success	none	true	done	0	false	none	0	0	3	receipt.session.resume,receipt.answer.resume_terminal,receipt.claim.zero	event.prior.SessionRebound,event.ProviderSessionHydrationObservedR12,event.ProviderSessionHydratedR12,event.ProviderAnswerTerminalR12,event.ProviderArtifactClaimEstablishedR12,event.ProviderArtifactControlsAbsentR12,event.ProviderArtifactClaimCompletedR12,event.ProviderTerminalPersistedR12	answer.terminal.zero_artifact.persist	legal.N091.artifact-zero	cmd.N091.artifact-zero	stacks/gpt-webai-slot-pool	0	0	state.request.terminal.artifact_zero_complete	oracle.receipt.session.resume.valid,oracle.receipt.answer.resume_terminal.valid,oracle.receipt.claim.zero.valid	artifact.zero_effect.valid
92	session.resume	exit_0	provider_limit	terminal_provider_limit	N092.base	none	present_nonempty_validated	conversation_url	same_session	present_nonempty	artifactExpectation_absent_artifacts_absent	claim_not_started	none	receipt.session.resume	event.prior.SessionRebound	provider.limit	0	payload.N092.base	terminal.resume_failure	provider.limit	false	provider_limit	0	false	none	0	0	2	receipt.session.resume,receipt.failure.provider	event.prior.SessionRebound,event.ProviderSessionHydrationObservedR12,event.ProviderSessionHydratedR12,event.ProviderSlotHealthUpdatedR12	session.observation+health.projection.persist	legal.N092.base	cmd.N092.base	stacks/gpt-webai-slot-pool	0	0	state.session.observed_failure	oracle.receipt.session.resume.valid,oracle.receipt.failure.provider.valid	session.observation_and_health.valid
93	session.resume	exit_0	resumed	idle_resumed	N093.base	none	present_nonempty_validated	conversation_url	same_session	absent	artifacts_absent	none	none	receipt.session.resume	event.prior.SessionRebound	none	0	payload.N093.base	terminal.resume_idle	none	true	resumed	0	false	none	0	0	1	receipt.session.resume	event.prior.SessionRebound,event.ProviderSessionHydrationObservedR12,event.ProviderSessionHydratedR12	session.observation.persist	legal.N093.base	cmd.N093.base	stacks/gpt-webai-slot-pool	0	0	state.session.observed	oracle.receipt.session.resume.valid	session.observation.valid
94	session.resume	exit_0	running	running	N094.answer-absent	none	present_nonempty_validated	conversation_url	same_session	absent	artifacts_absent	none	none	receipt.session.resume	event.prior.SessionRebound	none	0	payload.N094.answer-absent	nonterminal.resume_running	none	true	running	0	true	session	1000	3	1	receipt.session.resume	event.prior.SessionRebound,event.ProviderSessionHydrationObservedR12,event.ProviderSessionHydratedR12	session.observation.persist	legal.N094.answer-absent	cmd.N094.answer-absent	stacks/gpt-webai-slot-pool	0	0	state.session.observed	oracle.receipt.session.resume.valid	session.observation.valid
94	session.resume	exit_0	running	running	N094.answer-present	none	present_nonempty_validated	conversation_url	same_session	present_nonempty	artifacts_absent	none	none	receipt.session.resume	event.prior.SessionRebound	answer.progress_prologue	0	payload.N094.answer-present	nonterminal.resume_running	answer.progress_prologue	true	running	0	true	session	1000	3	1	receipt.session.resume	event.prior.SessionRebound,event.ProviderSessionHydrationObservedR12,event.ProviderSessionHydratedR12	session.observation.persist	legal.N094.answer-present	cmd.N094.answer-present	stacks/gpt-webai-slot-pool	0	0	state.session.observed	oracle.receipt.session.resume.valid	session.observation.valid
95	session.resume	exit_0	session.content_unavailable	content_unavailable	N095.base	none	present_nonempty_validated	conversation_url	same_session	absent	artifacts_absent	none	none	receipt.session.resume	event.prior.SessionRebound	session.content_unavailable	0	payload.N095.base	terminal.resume_failure	session.content_unavailable	false	session.content_unavailable	0	false	none	0	0	2	receipt.session.resume,receipt.failure.provider	event.prior.SessionRebound,event.ProviderSessionHydrationObservedR12	session.observation.persist	legal.N095.base	cmd.N095.base	stacks/gpt-webai-slot-pool	0	0	state.session.observed_failure	oracle.receipt.session.resume.valid,oracle.receipt.failure.provider.valid	session.observation.valid
96	session.resume	exit_0	session.running_unverified	terminal_scroll_unverified	N096.base	none	present_nonempty_validated	conversation_url	same_session	present_nonempty	artifactExpectation_absent_artifacts_absent	claim_not_started	none	receipt.session.resume	event.prior.SessionRebound	visual_failure_reason	0	payload.N096.base	terminal.resume_failure	visual_failure_reason	false	session.running_unverified	0	false	none	0	0	2	receipt.session.resume,receipt.failure.provider	event.prior.SessionRebound,event.ProviderSessionHydrationObservedR12,event.ProviderSessionHydratedR12	session.observation.persist	legal.N096.base	cmd.N096.base	stacks/gpt-webai-slot-pool	0	0	state.session.observed_failure	oracle.receipt.session.resume.valid,oracle.receipt.failure.provider.valid	session.observation.valid
97	session.resume	exit_0	session.start_unconfirmed	root_url_unconfirmed	N097.base	none	present_nonempty_unaccepted	root_url	root_no_session	absent	artifacts_absent	none	none	none	event.prior.SessionRebindStarted	session.start_unconfirmed	0	payload.N097.base	terminal.resume_failure	session.start_unconfirmed	false	session.start_unconfirmed	0	false	none	0	0	1	receipt.failure.provider	event.prior.SessionRebindStarted,event.ProviderSessionUrlRejectedR12	session.rejected_observation.persist	legal.N097.base	cmd.N097.base	stacks/gpt-webai-slot-pool	0	0	state.session.rejected_observation	oracle.receipt.failure.provider.valid	session.rejected_observation.valid
98	session.resume	exit_0	session.start_unconfirmed	session_url_mismatch	N098.base	none	present_nonempty_unaccepted	conversation_url	different_session	absent	artifacts_absent	none	none	none	event.prior.SessionRebindStarted	session.url_mismatch	0	payload.N098.base	terminal.resume_failure	session.url_mismatch	false	session.start_unconfirmed	0	false	none	0	0	1	receipt.failure.provider	event.prior.SessionRebindStarted,event.ProviderSessionUrlRejectedR12	session.rejected_observation.persist	legal.N098.base	cmd.N098.base	stacks/gpt-webai-slot-pool	0	0	state.session.rejected_observation	oracle.receipt.failure.provider.valid	session.rejected_observation.valid
99	session.resume	exit_2	provider.schema_drift	missing_session	N099.base	none	absent	none	none	absent	artifacts_absent	none	none	none	none	provider.schema_drift	2	payload.N099.base	terminal.resume_failure	provider.schema_drift	false	provider.schema_drift	70	false	none	0	0	1	receipt.failure.provider	none	diagnostic.persist	legal.N099.base	cmd.N099.base	stacks/gpt-webai-slot-pool	2	70	state.unchanged	oracle.receipt.failure.provider.valid	diagnostic.no_artifact.valid
100	session.resume	invocation_error	not_applicable	invocation_contract_invalid_artifact	N100.base	none	request_present_provider_payload_absent	none	none	none	none	none	none	none	none	provider.contract.invalid_artifact	none	payload.N100.base	terminal.invocation_failure	provider.contract.invalid_artifact	false	failed	70	false	none	0	0	1	receipt.failure.invocation	none	diagnostic.persist	legal.N100.base	cmd.N100.base	stacks/gpt-webai-slot-pool	none	70	state.unchanged	oracle.receipt.failure.invocation.valid	diagnostic.digest.valid
101	session.resume	invocation_error	not_applicable	invocation_contract_invalid_field	N101.base	none	request_present_provider_payload_absent	none	none	none	none	none	none	none	none	provider.contract.invalid_field	none	payload.N101.base	terminal.invocation_failure	provider.contract.invalid_field	false	failed	70	false	none	0	0	1	receipt.failure.invocation	none	diagnostic.persist	legal.N101.base	cmd.N101.base	stacks/gpt-webai-slot-pool	none	70	state.unchanged	oracle.receipt.failure.invocation.valid	diagnostic.digest.valid
102	session.resume	invocation_error	not_applicable	invocation_contract_not_object	N102.base	none	request_present_provider_payload_absent	none	none	none	none	none	none	none	none	provider.contract.not_object	none	payload.N102.base	terminal.invocation_failure	provider.contract.not_object	false	failed	70	false	none	0	0	1	receipt.failure.invocation	none	diagnostic.persist	legal.N102.base	cmd.N102.base	stacks/gpt-webai-slot-pool	none	70	state.unchanged	oracle.receipt.failure.invocation.valid	diagnostic.digest.valid
103	session.resume	invocation_error	not_applicable	invocation_contract_unknown_status	N103.base	none	request_present_provider_payload_absent	none	none	none	none	none	none	none	none	provider.contract.unknown_status	none	payload.N103.base	terminal.invocation_failure	provider.contract.unknown_status	false	failed	70	false	none	0	0	1	receipt.failure.invocation	none	diagnostic.persist	legal.N103.base	cmd.N103.base	stacks/gpt-webai-slot-pool	none	70	state.unchanged	oracle.receipt.failure.invocation.valid	diagnostic.digest.valid
104	session.resume	invocation_error	not_applicable	invocation_invalid_json	N104.base	none	request_present_provider_payload_absent	none	none	none	none	none	none	none	none	provider.invalid_json	none	payload.N104.base	terminal.invocation_failure	provider.invalid_json	false	failed	70	false	none	0	0	1	receipt.failure.invocation	none	diagnostic.persist	legal.N104.base	cmd.N104.base	stacks/gpt-webai-slot-pool	none	70	state.unchanged	oracle.receipt.failure.invocation.valid	diagnostic.digest.valid
105	session.resume	invocation_error	not_applicable	invocation_io_error	N105.base	none	request_present_provider_payload_absent	none	none	none	none	none	none	none	none	provider.io_error	none	payload.N105.base	terminal.invocation_failure	provider.io_error	false	failed	70	false	none	0	0	1	receipt.failure.invocation	none	diagnostic.persist	legal.N105.base	cmd.N105.base	stacks/gpt-webai-slot-pool	none	70	state.unchanged	oracle.receipt.failure.invocation.valid	diagnostic.digest.valid
106	session.resume	invocation_error	not_applicable	invocation_stderr_too_large	N106.base	none	request_present_provider_payload_absent	none	none	none	none	none	none	none	none	provider.stderr_too_large	none	payload.N106.base	terminal.invocation_failure	provider.stderr_too_large	false	failed	70	false	none	0	0	1	receipt.failure.invocation	none	diagnostic.persist	legal.N106.base	cmd.N106.base	stacks/gpt-webai-slot-pool	none	70	state.unchanged	oracle.receipt.failure.invocation.valid	diagnostic.digest.valid
107	session.resume	invocation_error	not_applicable	invocation_stdout_too_large	N107.base	none	request_present_provider_payload_absent	none	none	none	none	none	none	none	none	provider.stdout_too_large	none	payload.N107.base	terminal.invocation_failure	provider.stdout_too_large	false	failed	70	false	none	0	0	1	receipt.failure.invocation	none	diagnostic.persist	legal.N107.base	cmd.N107.base	stacks/gpt-webai-slot-pool	none	70	state.unchanged	oracle.receipt.failure.invocation.valid	diagnostic.digest.valid
108	session.resume	invocation_error	not_applicable	invocation_timeout	N108.base	none	request_present_provider_payload_absent	none	none	none	none	none	none	none	none	provider.timeout	none	payload.N108.base	terminal.invocation_failure	provider.timeout	false	failed	70	false	none	0	0	1	receipt.failure.invocation	none	diagnostic.persist	legal.N108.base	cmd.N108.base	stacks/gpt-webai-slot-pool	none	70	state.unchanged	oracle.receipt.failure.invocation.valid	diagnostic.digest.valid
109	session.show	exit_0	done	done	N109.base	none	present_nonempty_validated	conversation_url	same_session	present_nonempty	artifacts_absent	none	none	receipt.session.show	event.prior.SessionRebound	none	0	payload.N109.base	terminal.show_terminal	none	true	done	0	false	none	0	0	1	receipt.session.show	event.prior.SessionRebound,event.ProviderSessionHydrationObservedR12,event.ProviderSessionHydratedR12	session.observation.persist	legal.N109.base	cmd.N109.base	stacks/gpt-webai-slot-pool	0	0	state.session.observed	oracle.receipt.session.show.valid	session.observation.valid
110	session.show	exit_0	provider_limit	terminal_provider_limit	N110.base	none	present_nonempty_validated	conversation_url	same_session	present_nonempty	artifacts_absent	none	none	receipt.session.show	event.prior.SessionRebound	provider.limit	0	payload.N110.base	terminal.show_failure	provider.limit	false	provider_limit	0	false	none	0	0	2	receipt.session.show,receipt.failure.provider	event.prior.SessionRebound,event.ProviderSessionHydrationObservedR12,event.ProviderSessionHydratedR12,event.ProviderSlotHealthUpdatedR12	session.observation+health.projection.persist	legal.N110.base	cmd.N110.base	stacks/gpt-webai-slot-pool	0	0	state.session.observed_failure	oracle.receipt.session.show.valid,oracle.receipt.failure.provider.valid	session.observation_and_health.valid
111	session.show	exit_0	running	running	N111.answer-absent	none	present_nonempty_validated	conversation_url	same_session	absent	artifacts_absent	none	none	receipt.session.show	event.prior.SessionRebound	none	0	payload.N111.answer-absent	nonterminal.show_running	none	true	running	0	true	session	1000	3	1	receipt.session.show	event.prior.SessionRebound,event.ProviderSessionHydrationObservedR12,event.ProviderSessionHydratedR12	session.observation.persist	legal.N111.answer-absent	cmd.N111.answer-absent	stacks/gpt-webai-slot-pool	0	0	state.session.observed	oracle.receipt.session.show.valid	session.observation.valid
111	session.show	exit_0	running	running	N111.answer-present	none	present_nonempty_validated	conversation_url	same_session	present_nonempty	artifacts_absent	none	none	receipt.session.show	event.prior.SessionRebound	answer.progress_prologue	0	payload.N111.answer-present	nonterminal.show_running	answer.progress_prologue	true	running	0	true	session	1000	3	1	receipt.session.show	event.prior.SessionRebound,event.ProviderSessionHydrationObservedR12,event.ProviderSessionHydratedR12	session.observation.persist	legal.N111.answer-present	cmd.N111.answer-present	stacks/gpt-webai-slot-pool	0	0	state.session.observed	oracle.receipt.session.show.valid	session.observation.valid
112	session.show	exit_0	session.content_unavailable	content_unavailable	N112.base	none	present_nonempty_validated	conversation_url	same_session	absent	artifacts_absent	none	none	receipt.session.show	event.prior.SessionRebound	session.content_unavailable	0	payload.N112.base	terminal.show_failure	session.content_unavailable	false	session.content_unavailable	0	false	none	0	0	2	receipt.session.show,receipt.failure.provider	event.prior.SessionRebound,event.ProviderSessionHydrationObservedR12	session.observation.persist	legal.N112.base	cmd.N112.base	stacks/gpt-webai-slot-pool	0	0	state.session.observed_failure	oracle.receipt.session.show.valid,oracle.receipt.failure.provider.valid	session.observation.valid
113	session.show	exit_0	session.running_unverified	terminal_scroll_unverified	N113.base	none	present_nonempty_validated	conversation_url	same_session	present_nonempty	artifacts_absent	none	none	receipt.session.show	event.prior.SessionRebound	visual_failure_reason	0	payload.N113.base	terminal.show_failure	visual_failure_reason	false	session.running_unverified	0	false	none	0	0	2	receipt.session.show,receipt.failure.provider	event.prior.SessionRebound,event.ProviderSessionHydrationObservedR12,event.ProviderSessionHydratedR12	session.observation.persist	legal.N113.base	cmd.N113.base	stacks/gpt-webai-slot-pool	0	0	state.session.observed_failure	oracle.receipt.session.show.valid,oracle.receipt.failure.provider.valid	session.observation.valid
114	session.show	exit_0	session.start_unconfirmed	root_url_unconfirmed	N114.base	none	present_nonempty_unaccepted	root_url	root_no_session	absent	artifacts_absent	none	none	none	event.prior.SessionRebindStarted	session.start_unconfirmed	0	payload.N114.base	terminal.show_failure	session.start_unconfirmed	false	session.start_unconfirmed	0	false	none	0	0	1	receipt.failure.provider	event.prior.SessionRebindStarted,event.ProviderSessionUrlRejectedR12	session.rejected_observation.persist	legal.N114.base	cmd.N114.base	stacks/gpt-webai-slot-pool	0	0	state.session.rejected_observation	oracle.receipt.failure.provider.valid	session.rejected_observation.valid
115	session.show	exit_0	session.start_unconfirmed	session_url_mismatch	N115.base	none	present_nonempty_unaccepted	conversation_url	different_session	absent	artifacts_absent	none	none	none	event.prior.SessionRebindStarted	session.url_mismatch	0	payload.N115.base	terminal.show_failure	session.url_mismatch	false	session.start_unconfirmed	0	false	none	0	0	1	receipt.failure.provider	event.prior.SessionRebindStarted,event.ProviderSessionUrlRejectedR12	session.rejected_observation.persist	legal.N115.base	cmd.N115.base	stacks/gpt-webai-slot-pool	0	0	state.session.rejected_observation	oracle.receipt.failure.provider.valid	session.rejected_observation.valid
116	session.show	exit_0	show	idle_show	N116.base	none	present_nonempty_validated	conversation_url	same_session	absent	artifacts_absent	none	none	receipt.session.show	event.prior.SessionRebound	none	0	payload.N116.base	terminal.show_idle	none	true	show	0	false	none	0	0	1	receipt.session.show	event.prior.SessionRebound,event.ProviderSessionHydrationObservedR12,event.ProviderSessionHydratedR12	session.observation.persist	legal.N116.base	cmd.N116.base	stacks/gpt-webai-slot-pool	0	0	state.session.observed	oracle.receipt.session.show.valid	session.observation.valid
117	session.show	exit_2	provider.schema_drift	missing_session	N117.base	none	absent	none	none	absent	artifacts_absent	none	none	none	none	provider.schema_drift	2	payload.N117.base	terminal.show_failure	provider.schema_drift	false	provider.schema_drift	70	false	none	0	0	1	receipt.failure.provider	none	diagnostic.persist	legal.N117.base	cmd.N117.base	stacks/gpt-webai-slot-pool	2	70	state.unchanged	oracle.receipt.failure.provider.valid	diagnostic.no_artifact.valid
118	session.show	invocation_error	not_applicable	invocation_contract_invalid_artifact	N118.base	none	request_present_provider_payload_absent	none	none	none	none	none	none	none	none	provider.contract.invalid_artifact	none	payload.N118.base	terminal.invocation_failure	provider.contract.invalid_artifact	false	failed	70	false	none	0	0	1	receipt.failure.invocation	none	diagnostic.persist	legal.N118.base	cmd.N118.base	stacks/gpt-webai-slot-pool	none	70	state.unchanged	oracle.receipt.failure.invocation.valid	diagnostic.digest.valid
119	session.show	invocation_error	not_applicable	invocation_contract_invalid_field	N119.base	none	request_present_provider_payload_absent	none	none	none	none	none	none	none	none	provider.contract.invalid_field	none	payload.N119.base	terminal.invocation_failure	provider.contract.invalid_field	false	failed	70	false	none	0	0	1	receipt.failure.invocation	none	diagnostic.persist	legal.N119.base	cmd.N119.base	stacks/gpt-webai-slot-pool	none	70	state.unchanged	oracle.receipt.failure.invocation.valid	diagnostic.digest.valid
120	session.show	invocation_error	not_applicable	invocation_contract_not_object	N120.base	none	request_present_provider_payload_absent	none	none	none	none	none	none	none	none	provider.contract.not_object	none	payload.N120.base	terminal.invocation_failure	provider.contract.not_object	false	failed	70	false	none	0	0	1	receipt.failure.invocation	none	diagnostic.persist	legal.N120.base	cmd.N120.base	stacks/gpt-webai-slot-pool	none	70	state.unchanged	oracle.receipt.failure.invocation.valid	diagnostic.digest.valid
121	session.show	invocation_error	not_applicable	invocation_contract_unknown_status	N121.base	none	request_present_provider_payload_absent	none	none	none	none	none	none	none	none	provider.contract.unknown_status	none	payload.N121.base	terminal.invocation_failure	provider.contract.unknown_status	false	failed	70	false	none	0	0	1	receipt.failure.invocation	none	diagnostic.persist	legal.N121.base	cmd.N121.base	stacks/gpt-webai-slot-pool	none	70	state.unchanged	oracle.receipt.failure.invocation.valid	diagnostic.digest.valid
122	session.show	invocation_error	not_applicable	invocation_invalid_json	N122.base	none	request_present_provider_payload_absent	none	none	none	none	none	none	none	none	provider.invalid_json	none	payload.N122.base	terminal.invocation_failure	provider.invalid_json	false	failed	70	false	none	0	0	1	receipt.failure.invocation	none	diagnostic.persist	legal.N122.base	cmd.N122.base	stacks/gpt-webai-slot-pool	none	70	state.unchanged	oracle.receipt.failure.invocation.valid	diagnostic.digest.valid
123	session.show	invocation_error	not_applicable	invocation_io_error	N123.base	none	request_present_provider_payload_absent	none	none	none	none	none	none	none	none	provider.io_error	none	payload.N123.base	terminal.invocation_failure	provider.io_error	false	failed	70	false	none	0	0	1	receipt.failure.invocation	none	diagnostic.persist	legal.N123.base	cmd.N123.base	stacks/gpt-webai-slot-pool	none	70	state.unchanged	oracle.receipt.failure.invocation.valid	diagnostic.digest.valid
124	session.show	invocation_error	not_applicable	invocation_stderr_too_large	N124.base	none	request_present_provider_payload_absent	none	none	none	none	none	none	none	none	provider.stderr_too_large	none	payload.N124.base	terminal.invocation_failure	provider.stderr_too_large	false	failed	70	false	none	0	0	1	receipt.failure.invocation	none	diagnostic.persist	legal.N124.base	cmd.N124.base	stacks/gpt-webai-slot-pool	none	70	state.unchanged	oracle.receipt.failure.invocation.valid	diagnostic.digest.valid
125	session.show	invocation_error	not_applicable	invocation_stdout_too_large	N125.base	none	request_present_provider_payload_absent	none	none	none	none	none	none	none	none	provider.stdout_too_large	none	payload.N125.base	terminal.invocation_failure	provider.stdout_too_large	false	failed	70	false	none	0	0	1	receipt.failure.invocation	none	diagnostic.persist	legal.N125.base	cmd.N125.base	stacks/gpt-webai-slot-pool	none	70	state.unchanged	oracle.receipt.failure.invocation.valid	diagnostic.digest.valid
126	session.show	invocation_error	not_applicable	invocation_timeout	N126.base	none	request_present_provider_payload_absent	none	none	none	none	none	none	none	none	provider.timeout	none	payload.N126.base	terminal.invocation_failure	provider.timeout	false	failed	70	false	none	0	0	1	receipt.failure.invocation	none	diagnostic.persist	legal.N126.base	cmd.N126.base	stacks/gpt-webai-slot-pool	none	70	state.unchanged	oracle.receipt.failure.invocation.valid	diagnostic.digest.valid
127	status	exit_0	login_required	login_required	N127.base	none	absent	diagnostic_url	unvalidated	absent	artifacts_absent	none	none	none	event.prior.SlotHealthProbeStarted	auth.needs_login	0	payload.N127.base	terminal.status_blocked	auth.needs_login	false	login_required	0	false	none	0	0	1	receipt.failure.provider	event.prior.SlotHealthProbeStarted,event.ProviderSlotHealthUpdatedR12	health.projection.persist	legal.N127.base	cmd.N127.base	stacks/gpt-webai-slot-pool	0	0	state.health.login_required	oracle.receipt.failure.provider.valid	health.projection.valid
128	status	exit_0	provider_limit	provider_limit	N128.base	none	absent	diagnostic_url	unvalidated	absent	artifacts_absent	none	none	none	event.prior.SlotHealthProbeStarted	provider.limit	0	payload.N128.base	terminal.status_blocked	provider.limit	false	provider_limit	0	false	none	0	0	1	receipt.failure.provider	event.prior.SlotHealthProbeStarted,event.ProviderSlotHealthUpdatedR12	health.projection.persist	legal.N128.base	cmd.N128.base	stacks/gpt-webai-slot-pool	0	0	state.health.provider_limit	oracle.receipt.failure.provider.valid	health.projection.valid
129	status	exit_0	ready	ready	N129.base	none	absent	diagnostic_url	unvalidated	absent	artifacts_absent	none	none	none	event.prior.SlotHealthProbeStarted	none	0	payload.N129.base	terminal.status_ready	none	true	ready	0	false	none	0	0	1	receipt.status	event.prior.SlotHealthProbeStarted,event.ProviderSlotHealthUpdatedR12	health.projection.persist	legal.N129.base	cmd.N129.base	stacks/gpt-webai-slot-pool	0	0	state.health.ready	oracle.receipt.status.valid	health.projection.valid
130	status	exit_0	subscription_required	subscription_required	N130.base	none	absent	diagnostic_url	unvalidated	absent	artifacts_absent	none	none	none	event.prior.SlotHealthProbeStarted	auth.needs_pro	0	payload.N130.base	terminal.status_blocked	auth.needs_pro	false	subscription_required	0	false	none	0	0	1	receipt.failure.provider	event.prior.SlotHealthProbeStarted,event.ProviderSlotHealthUpdatedR12	health.projection.persist	legal.N130.base	cmd.N130.base	stacks/gpt-webai-slot-pool	0	0	state.health.subscription_required	oracle.receipt.failure.provider.valid	health.projection.valid
131	status	exit_0	unknown	unknown	N131.base	none	absent	diagnostic_url	unvalidated	absent	artifacts_absent	none	none	none	event.prior.SlotHealthProbeStarted	none	0	payload.N131.base	nonterminal.status_unknown	none	false	unknown	0	true	health	250	1	1	receipt.failure.provider	event.prior.SlotHealthProbeStarted,event.ProviderSlotHealthUpdatedR12	health.projection.persist	legal.N131.base	cmd.N131.base	stacks/gpt-webai-slot-pool	0	0	state.health.unknown	oracle.receipt.failure.provider.valid	health.projection.valid
132	status	invocation_error	not_applicable	invocation_contract_invalid_artifact	N132.base	none	request_forbidden_provider_payload_absent	none	none	none	none	none	none	none	none	provider.contract.invalid_artifact	none	payload.N132.base	terminal.invocation_failure	provider.contract.invalid_artifact	false	failed	70	false	none	0	0	1	receipt.failure.invocation	none	diagnostic.persist	legal.N132.base	cmd.N132.base	stacks/gpt-webai-slot-pool	none	70	state.unchanged	oracle.receipt.failure.invocation.valid	diagnostic.digest.valid
133	status	invocation_error	not_applicable	invocation_contract_invalid_field	N133.base	none	request_forbidden_provider_payload_absent	none	none	none	none	none	none	none	none	provider.contract.invalid_field	none	payload.N133.base	terminal.invocation_failure	provider.contract.invalid_field	false	failed	70	false	none	0	0	1	receipt.failure.invocation	none	diagnostic.persist	legal.N133.base	cmd.N133.base	stacks/gpt-webai-slot-pool	none	70	state.unchanged	oracle.receipt.failure.invocation.valid	diagnostic.digest.valid
134	status	invocation_error	not_applicable	invocation_contract_not_object	N134.base	none	request_forbidden_provider_payload_absent	none	none	none	none	none	none	none	none	provider.contract.not_object	none	payload.N134.base	terminal.invocation_failure	provider.contract.not_object	false	failed	70	false	none	0	0	1	receipt.failure.invocation	none	diagnostic.persist	legal.N134.base	cmd.N134.base	stacks/gpt-webai-slot-pool	none	70	state.unchanged	oracle.receipt.failure.invocation.valid	diagnostic.digest.valid
135	status	invocation_error	not_applicable	invocation_contract_unknown_status	N135.base	none	request_forbidden_provider_payload_absent	none	none	none	none	none	none	none	none	provider.contract.unknown_status	none	payload.N135.base	terminal.invocation_failure	provider.contract.unknown_status	false	failed	70	false	none	0	0	1	receipt.failure.invocation	none	diagnostic.persist	legal.N135.base	cmd.N135.base	stacks/gpt-webai-slot-pool	none	70	state.unchanged	oracle.receipt.failure.invocation.valid	diagnostic.digest.valid
136	status	invocation_error	not_applicable	invocation_invalid_json	N136.base	none	request_forbidden_provider_payload_absent	none	none	none	none	none	none	none	none	provider.invalid_json	none	payload.N136.base	terminal.invocation_failure	provider.invalid_json	false	failed	70	false	none	0	0	1	receipt.failure.invocation	none	diagnostic.persist	legal.N136.base	cmd.N136.base	stacks/gpt-webai-slot-pool	none	70	state.unchanged	oracle.receipt.failure.invocation.valid	diagnostic.digest.valid
137	status	invocation_error	not_applicable	invocation_io_error	N137.base	none	request_forbidden_provider_payload_absent	none	none	none	none	none	none	none	none	provider.io_error	none	payload.N137.base	terminal.invocation_failure	provider.io_error	false	failed	70	false	none	0	0	1	receipt.failure.invocation	none	diagnostic.persist	legal.N137.base	cmd.N137.base	stacks/gpt-webai-slot-pool	none	70	state.unchanged	oracle.receipt.failure.invocation.valid	diagnostic.digest.valid
138	status	invocation_error	not_applicable	invocation_stderr_too_large	N138.base	none	request_forbidden_provider_payload_absent	none	none	none	none	none	none	none	none	provider.stderr_too_large	none	payload.N138.base	terminal.invocation_failure	provider.stderr_too_large	false	failed	70	false	none	0	0	1	receipt.failure.invocation	none	diagnostic.persist	legal.N138.base	cmd.N138.base	stacks/gpt-webai-slot-pool	none	70	state.unchanged	oracle.receipt.failure.invocation.valid	diagnostic.digest.valid
139	status	invocation_error	not_applicable	invocation_stdout_too_large	N139.base	none	request_forbidden_provider_payload_absent	none	none	none	none	none	none	none	none	provider.stdout_too_large	none	payload.N139.base	terminal.invocation_failure	provider.stdout_too_large	false	failed	70	false	none	0	0	1	receipt.failure.invocation	none	diagnostic.persist	legal.N139.base	cmd.N139.base	stacks/gpt-webai-slot-pool	none	70	state.unchanged	oracle.receipt.failure.invocation.valid	diagnostic.digest.valid
140	status	invocation_error	not_applicable	invocation_timeout	N140.base	none	request_forbidden_provider_payload_absent	none	none	none	none	none	none	none	none	provider.timeout	none	payload.N140.base	terminal.invocation_failure	provider.timeout	false	failed	70	false	none	0	0	1	receipt.failure.invocation	none	diagnostic.persist	legal.N140.base	cmd.N140.base	stacks/gpt-webai-slot-pool	none	70	state.unchanged	oracle.receipt.failure.invocation.valid	diagnostic.digest.valid
